Track Name,Artist,Album,Release Date,Popularity,Streams,Rank,Platform,Source,Updated At
Hurry Up Tomorrow,The Weeknd,Hurry Up Tomorrow,2025-01-31,74,0,N/A,SPOTIFY,SPOTIFY,2025-03-24 17:34:43
Die With A Smile,Lady Gaga,Die With A Smile,2024-08-16,100,0,N/A,SPOTIFY,SPOTIFY,2025-03-24 17:34:43
Dil Behkaaye,Maahi,Dil Behkaaye,2025-03-17,50,0,N/A,SPOTIFY,SPOTIFY,2025-03-24 17:34:43
I Know,Rockstar Rajat,I Know,2023-02-13,23,0,N/A,SPOTIFY,SPOTIFY,2025-03-24 17:34:43
Whatcha Need?,Ndee Kundu,Whatcha Need?,2025-01-13,58,0,N/A,SPOTIFY,SPOTIFY,2025-03-24 17:34:43
Meri Jaan,Ojas Joshi,Meri Jaan,2024-11-23,23,0,N/A,SPOTIFY,SPOTIFY,2025-03-24 17:34:43
Fe!N (Feat. Playboi Carti),Travis Scott,UTOPIA,2023-07-28,87,0,N/A,SPOTIFY,SPOTIFY,2025-03-24 17:34:43
Kuch Kaho Na,Abhishek Singh,Kuch Kaho Na,2024-08-19,22,0,N/A,SPOTIFY,SPOTIFY,2025-03-24 17:34:43
Safar,Rockstar Rajat,Safar,2023-05-23,24,0,N/A,SPOTIFY,SPOTIFY,2025-03-24 17:34:43
Pendulum,Panther,Pendulum,2025-03-06,46,0,N/A,SPOTIFY,SPOTIFY,2025-03-24 17:34:43
Kaisi Khumari Phir Se,Abhishek Singh,Kaisi Khumari Phir Se,2024-11-29,26,0,N/A,SPOTIFY,SPOTIFY,2025-03-24 17:34:43
São Paulo (Feat. Anitta),The Weeknd,Hurry Up Tomorrow,2025-01-31,86,0,N/A,SPOTIFY,SPOTIFY,2025-03-24 17:34:43
God'S Plan,Drake,Scorpion,2018-06-29,83,0,N/A,SPOTIFY,SPOTIFY,2025-03-24 17:34:43
Darda Dil,Dr Neeta Pandey Negi,Darda Dil,2025-02-09,28,0,N/A,SPOTIFY,SPOTIFY,2025-03-24 17:34:43
Tere Bin,Rockstar Rajat,Tere Bin,2022-12-16,22,0,N/A,SPOTIFY,SPOTIFY,2025-03-24 17:34:43
Khabar Hai Kya,Abhishek Singh,Khabar Hai Kya,2023-10-01,12,0,N/A,SPOTIFY,SPOTIFY,2025-03-24 17:34:43
"Akhiyaan Gulaab (From ""Teri Baaton Mein Aisa Uljha Jiya"")",Mitraz,"Akhiyaan Gulaab (From ""Teri Baaton Mein Aisa Uljha Jiya"")",2024-01-19,75,0,N/A,SPOTIFY,SPOTIFY,2025-03-24 17:34:43
We Still Don'T Trust You,Future,WE STILL DON'T TRUST YOU,2024-04-12,75,0,N/A,SPOTIFY,SPOTIFY,2025-03-24 17:34:43
Aasman,Five Yearsfromnow,Aasman,2025-02-14,35,0,N/A,SPOTIFY,SPOTIFY,2025-03-24 17:34:43
Love Kardi,Rockstar Rajat,Love Kardi,2021-12-24,19,0,N/A,SPOTIFY,SPOTIFY,2025-03-24 17:34:43
Kaisi Khumari,Abhishek Singh,Kaisi Khumari,2022-07-06,20,0,N/A,SPOTIFY,SPOTIFY,2025-03-24 17:34:43
Jhol,Maanu,Jhol,2024-06-14,81,0,N/A,SPOTIFY,SPOTIFY,2025-03-24 17:34:43
"Aaj Ki Raat (From ""Stree 2"")",Sachin-Jigar,"Aaj Ki Raat (From ""Stree 2"")",2024-07-24,78,0,N/A,SPOTIFY,SPOTIFY,2025-03-24 17:34:43
Summertime Sadness,Lana Del Rey,Born To Die - The Paradise Edition,2012-01-01,83,0,N/A,SPOTIFY,SPOTIFY,2025-03-24 17:34:43
Kaisa Sama Hai Unplugged,Abhishek Singh,Kaisa Sama Hai Unplugged,2023-10-15,11,0,N/A,SPOTIFY,SPOTIFY,2025-03-24 17:34:43
Kaisa Sama Hai,Abhishek Singh,Kaisa Sama Hai,2019-06-11,17,0,N/A,SPOTIFY,SPOTIFY,2025-03-24 17:34:43
Wavy,Karan Aujla,Wavy,2024-11-15,79,0,N/A,SPOTIFY,SPOTIFY,2025-03-24 17:34:43
"Sajni (From ""Laapataa Ladies"")",Ram Sampath,"Sajni (From ""Laapataa Ladies"")",2024-02-12,79,0,N/A,SPOTIFY,SPOTIFY,2025-03-24 17:34:43
Guru Ji Shukar Kara,Rockstar Rajat,Guru Ji Shukar Kara,2022-09-04,17,0,N/A,SPOTIFY,SPOTIFY,2025-03-24 17:34:43
New Drop,Don Toliver,HARDSTONE PSYCHO,2024-06-14,85,0,N/A,SPOTIFY,SPOTIFY,2025-03-24 17:34:43
"Tauba Tauba (From ""Bad Newz"")",Karan Aujla,"Tauba Tauba (From ""Bad Newz"")",2024-07-02,72,0,N/A,SPOTIFY,SPOTIFY,2025-03-24 17:34:43
With You,Ap Dhillon,With You,2023-08-11,71,0,N/A,SPOTIFY,SPOTIFY,2025-03-24 17:34:43
Wishes,Hasan Raheem,"Maybe, It's Love",2023-09-02,70,0,N/A,SPOTIFY,SPOTIFY,2025-03-24 17:34:43
Ud Chala Mai Chala,Abhishek Singh,Ud Chala Mai Chala,2019-01-07,18,0,N/A,SPOTIFY,SPOTIFY,2025-03-24 17:34:43
Husn,Anuv Jain,Husn,2023-12-01,77,0,N/A,SPOTIFY,SPOTIFY,2025-03-24 17:34:43
Open Hearts,The Weeknd,Hurry Up Tomorrow,2025-01-31,82,0,N/A,SPOTIFY,SPOTIFY,2025-03-24 17:34:43
Millionaire,Yo Yo Honey Singh,Glory,2024-08-26,78,0,N/A,SPOTIFY,SPOTIFY,2025-03-24 17:34:43
Tera Chehra,Arijit Singh,Sanam Teri Kasam (Original Motion Picture Soundtrack),2016-01-06,77,0,N/A,SPOTIFY,SPOTIFY,2025-03-24 17:34:43
"Tainu Khabar Nahi - From ""Munjya""",Sachin-Jigar,"Tainu Khabar Nahi (From ""Munjya"")",2024-05-31,76,0,N/A,SPOTIFY,SPOTIFY,2025-03-24 17:34:43
Tenu Sang Rakhna,Achint,Jigra,2024-10-15,67,0,N/A,SPOTIFY,SPOTIFY,2025-03-24 17:34:43
"Loveyapa Ho Gaya - From ""Loveyapa""",Nakash Aziz,"Loveyapa Ho Gaya (From ""Loveyapa"")",2025-01-03,51,0,N/A,SPOTIFY,SPOTIFY,2025-03-24 17:34:43
Sanam Teri Kasam,Ankit Tiwari,Sanam Teri Kasam (Original Motion Picture Soundtrack),2016-01-06,78,0,N/A,SPOTIFY,SPOTIFY,2025-03-24 17:34:43
Kheech Meri Photo,Neeti Mohan,Sanam Teri Kasam (Original Motion Picture Soundtrack),2016-01-06,63,0,N/A,SPOTIFY,SPOTIFY,2025-03-24 17:34:43
Bhool Bhulaiyaa 3 - Title Track,Pitbull,Bhool Bhulaiyaa 3,2024-10-23,50,0,N/A,SPOTIFY,SPOTIFY,2025-03-24 17:34:43
"Nain Matakka - From ""Baby John""",Thaman S,"Nain Matakka (From ""Baby John"")",2024-11-25,65,0,N/A,SPOTIFY,SPOTIFY,2025-03-24 17:34:43
"Jaanam (From ""Bad Newz"")",Vishal Mishra,"Jaanam (From ""Bad Newz"")",2024-07-09,71,0,N/A,SPOTIFY,SPOTIFY,2025-03-24 17:34:43
"Chaleya (From ""Jawan"")",Anirudh Ravichander,"Chaleya (From ""Jawan"")",2023-08-14,70,0,N/A,SPOTIFY,SPOTIFY,2025-03-24 17:34:43
Tere Pyaar Mein,Pritam,"Tere Pyaar Mein (From ""Tu Jhoothi Main Makkaar"")",2023-02-01,75,0,N/A,SPOTIFY,SPOTIFY,2025-03-24 17:34:43
Apna Bana Le,Sachin-Jigar,Bhediya (Original Motion Picture Soundtrack),2022-11-22,74,0,N/A,SPOTIFY,SPOTIFY,2025-03-24 17:34:43
"Jaana Samjho Na (From ""Bhool Bhulaiyaa 3"")",Aditya Rikhari,"Jaana Samjho Na (From ""Bhool Bhulaiyaa 3"")",2024-10-22,76,0,N/A,SPOTIFY,SPOTIFY,2025-03-24 17:34:43
Diet Mountain Dew,Lana Del Rey,Born To Die - The Paradise Edition,2012-01-01,78,0,N/A,SPOTIFY,SPOTIFY,2025-03-24 17:34:43
Bekaar Dil,Vishal-Shekhar,Fighter,2024-01-23,52,0,N/A,SPOTIFY,SPOTIFY,2025-03-24 17:34:43
"Pushpa Pushpa (From ""Pushpa 2 The Rule"") [Hindi]",Mika Singh,"Pushpa Pushpa (From ""Pushpa 2 The Rule"") [HINDI]",2024-05-01,59,0,N/A,SPOTIFY,SPOTIFY,2025-03-24 17:34:43
"Mere Mehboob Mere Sanam (From ""Bad Newz"")",Udit Narayan,"Mere Mehboob Mere Sanam (From ""Bad Newz"")",2024-07-13,69,0,N/A,SPOTIFY,SPOTIFY,2025-03-24 17:34:43
"Makhna - From ""Drive""",Yasser Desai,"Makhna (From ""Drive"")",2019-10-03,68,0,N/A,SPOTIFY,SPOTIFY,2025-03-24 17:34:43
Cheques,Shubh,Still Rollin,2023-05-19,75,0,N/A,SPOTIFY,SPOTIFY,2025-03-24 17:34:43
West Coast,Lana Del Rey,Ultraviolence (Deluxe),2014-01-01,83,0,N/A,SPOTIFY,SPOTIFY,2025-03-24 17:34:43
Dramamine,Flawed Mangoes,Dramamine / Fragility,2024-04-10,55,0,N/A,SPOTIFY,SPOTIFY,2025-03-24 17:34:43
"Kesariya (From ""Brahmastra"")",Pritam,"Kesariya (From ""Brahmastra"")",2022-07-17,72,0,N/A,SPOTIFY,SPOTIFY,2025-03-24 17:34:43
"Doobey (From ""Gehraiyaan"")",Oaff,"Doobey (From ""Gehraiyaan"")",2022-01-24,56,0,N/A,SPOTIFY,SPOTIFY,2025-03-24 17:34:43
"Ik Vaari Aa (From ""Raabta"")",Pritam,"Ik Vaari Aa (From ""Raabta"")",2017-04-21,64,0,N/A,SPOTIFY,SPOTIFY,2025-03-24 17:34:43
Kinni Kinni,Diljit Dosanjh,Ghost,2023-09-29,74,0,N/A,SPOTIFY,SPOTIFY,2025-03-24 17:34:43
Thehra,Chaar Diwaari,Thehra,2024-03-21,43,0,N/A,SPOTIFY,SPOTIFY,2025-03-24 17:34:43
Udd Gaye,Ritviz,Ved,2019-07-01,60,0,N/A,SPOTIFY,SPOTIFY,2025-03-24 17:34:43
Jiya,Shaheen Bhatt,Jigra,2024-10-15,42,0,N/A,SPOTIFY,SPOTIFY,2025-03-24 17:34:43
Congratulations,Post Malone,Stoney (Deluxe),2016-12-09,80,0,N/A,SPOTIFY,SPOTIFY,2025-03-24 17:34:43
She Knows (Feat. Amber Coffman & Cults),J. Cole,Born Sinner (Deluxe Version),2013-06-18,76,0,N/A,SPOTIFY,SPOTIFY,2025-03-24 17:34:43
Wake Me Up (Feat. Justice),The Weeknd,Hurry Up Tomorrow,2025-01-31,80,0,N/A,SPOTIFY,SPOTIFY,2025-03-24 17:34:43
Ghost,Justin Bieber,Justice,2021-03-19,83,0,N/A,SPOTIFY,SPOTIFY,2025-03-24 17:34:43
Agora Hills,Doja Cat,Scarlet,2023-09-20,76,0,N/A,SPOTIFY,SPOTIFY,2025-03-24 17:34:43
After Hours,The Weeknd,After Hours,2020-03-20,82,0,N/A,SPOTIFY,SPOTIFY,2025-03-24 17:34:43
"O Maahi (From ""Dunki"")",Pritam,"O Maahi (From ""Dunki"")",2023-12-11,71,0,N/A,SPOTIFY,SPOTIFY,2025-03-24 17:34:43
"Lutt Putt Gaya (From ""Dunki"")",Pritam,"Lutt Putt Gaya (From ""Dunki"")",2023-11-22,66,0,N/A,SPOTIFY,SPOTIFY,2025-03-24 17:34:43
Dil Jhoom,Mithoon,Gadar 2 (Original Motion Picture Soundtrack),2023-08-05,70,0,N/A,SPOTIFY,SPOTIFY,2025-03-24 17:34:43
"Jaane Tu (From ""Chhaava"")",A.R. Rahman,"Jaane Tu (From ""Chhaava"")",2025-01-31,70,0,N/A,SPOTIFY,SPOTIFY,2025-03-24 17:34:44
"Rang (From ""Sky Force"")",Tanishk Bagchi,"Rang (From ""Sky Force"")",2025-01-17,65,0,N/A,SPOTIFY,SPOTIFY,2025-03-24 17:34:44
Ahista Ahista,Kazinama,Ahista Ahista,2024-09-02,75,0,N/A,SPOTIFY,SPOTIFY,2025-03-24 17:34:44
"Silsila - From ""Dhoom Dhaam""",Arijit Singh,"Silsila (From ""Dhoom Dhaam"")",2025-01-30,63,0,N/A,SPOTIFY,SPOTIFY,2025-03-24 17:34:44
Obsessed,Riar Saab,Obsessed,2022-09-29,66,0,N/A,SPOTIFY,SPOTIFY,2025-03-24 17:34:44
Maan Meri Jaan,King,Champagne Talk,2022-09-13,73,0,N/A,SPOTIFY,SPOTIFY,2025-03-24 17:34:44
Anti-Hero,Taylor Swift,Midnights (3am Edition),2022-10-22,60,0,N/A,SPOTIFY,SPOTIFY,2025-03-24 17:34:44
Can'T Feel My Face,The Weeknd,Beauty Behind The Madness,2015-08-28,81,0,N/A,SPOTIFY,SPOTIFY,2025-03-24 17:34:44
Stargirl Interlude,The Weeknd,Starboy,2016-11-25,74,0,N/A,SPOTIFY,SPOTIFY,2025-03-24 17:34:44
Double Fantasy (With Future),The Weeknd,Double Fantasy,2023-04-21,70,0,N/A,SPOTIFY,SPOTIFY,2025-03-24 17:34:44
Co2,Prateek Kuhad,The Way That Lovers Do (Deluxe),2023-05-19,45,0,N/A,SPOTIFY,SPOTIFY,2025-03-24 17:34:44
The Hills,The Weeknd,Beauty Behind The Madness,2015-08-28,86,0,N/A,SPOTIFY,SPOTIFY,2025-03-24 17:34:44
Cardigan,Taylor Swift,folklore,2020-07-24,84,0,N/A,SPOTIFY,SPOTIFY,2025-03-24 17:34:44
Sweater Weather,The Neighbourhood,I Love You.,2013-04-22,90,0,N/A,SPOTIFY,SPOTIFY,2025-03-24 17:34:44
Softcore,The Neighbourhood,Hard To Imagine The Neighbourhood Ever Changing,2018-11-02,86,0,N/A,SPOTIFY,SPOTIFY,2025-03-24 17:34:44
Kill Bill,Sza,SOS,2022-12-08,86,0,N/A,SPOTIFY,SPOTIFY,2025-03-24 17:34:44
A&W,Lana Del Rey,Did you know that there's a tunnel under Ocean Blvd,2023-03-24,69,0,N/A,SPOTIFY,SPOTIFY,2025-03-24 17:34:44
Ric Flair Drip (With Metro Boomin),Offset,Without Warning,2017-10-30,82,0,N/A,SPOTIFY,SPOTIFY,2025-03-24 17:34:44
Highest In The Room,Travis Scott,HIGHEST IN THE ROOM,2019-10-04,85,0,N/A,SPOTIFY,SPOTIFY,2025-03-24 17:34:44
Moth To A Flame (With The Weeknd),Swedish House Mafia,Dawn FM (Alternate World),2022-01-07,59,0,N/A,SPOTIFY,SPOTIFY,2025-03-24 17:34:44
Paisaa,Kushal Grumpy,Paisaa,2023-10-17,56,0,N/A,SPOTIFY,SPOTIFY,2025-03-24 17:34:44
We Fell In Love In October,Girl In Red,we fell in love in october / October Passed Me By,2018-11-21,83,0,N/A,SPOTIFY,SPOTIFY,2025-03-24 17:34:44
All I Want For Christmas Is You,Mariah Carey,Merry Christmas,1994-10-28,75,0,N/A,SPOTIFY,SPOTIFY,2025-03-24 17:34:44
"Angaaron (From ""Pushpa 2 The Rule"") [Hindi]",Shreya Ghoshal,"Angaaron (From ""Pushpa 2 The Rule"") [HINDI]",2024-05-29,67,0,N/A,SPOTIFY,SPOTIFY,2025-03-24 17:34:44
"Peelings (From ""Pushpa 2 The Rule"") [Telugu]",Shankarr Babu Kandukoori,"Peelings (From ""Pushpa 2 The Rule"") [TELUGU]",2024-12-01,70,0,N/A,SPOTIFY,SPOTIFY,2025-03-24 17:34:44
"Chuttamalle (From ""Devara Part 1"")",Shilpa Rao,"Chuttamalle (From ""Devara Part 1"")",2024-08-05,77,0,N/A,SPOTIFY,SPOTIFY,2025-03-24 17:34:44
"Mumbai Hustle - From ""Call Me Bae""",Shravan Mantri,Call Me Bae (Original Series Soundtrack),2024-09-01,30,0,N/A,SPOTIFY,SPOTIFY,2025-03-24 17:34:44
"Ruaan (From ""Tiger 3"")",Pritam,"Ruaan (From ""Tiger 3"")",2023-11-06,63,0,N/A,SPOTIFY,SPOTIFY,2025-03-24 17:34:44
Pasoori,Shae Gill,Pasoori,2022-02-07,69,0,N/A,SPOTIFY,SPOTIFY,2025-03-24 17:34:44
"Hua Main (From ""Animal"")",Raghav Chaitanya,"Hua Main (From ""ANIMAL"")",2023-10-11,69,0,N/A,SPOTIFY,SPOTIFY,2025-03-24 17:34:44
"Dil Se Dil Tak (From ""Bawaal"")",Akashdeep Sengupta,"Dil Se Dil Tak (From ""Bawaal"")",2023-07-14,71,0,N/A,SPOTIFY,SPOTIFY,2025-03-24 17:34:44
Choo Lo,The Local Train,Aalas Ka Pedh,2015-09-25,72,0,N/A,SPOTIFY,SPOTIFY,2025-03-24 17:34:44
Mahiye Jinna Sohna,Darshan Raval,Mahiye Jinna Sohna,2023-06-22,67,0,N/A,SPOTIFY,SPOTIFY,2025-03-24 17:34:44
Heeriye (Feat. Arijit Singh),Jasleen Royal,Heeriye (feat. Arijit Singh),2023-07-25,75,0,N/A,SPOTIFY,SPOTIFY,2025-03-24 17:34:44
Baaki Baatein Peene Baad (Shots) (Feat. Badshah),Arjun Kanungo,Baaki Baatein Peene Baad (Shots) (feat. Badshah),2015-09-25,58,0,N/A,SPOTIFY,SPOTIFY,2025-03-24 17:34:44
Ve Haaniyaan,Danny,Ve Haaniyaan,2024-01-19,73,0,N/A,SPOTIFY,SPOTIFY,2025-03-24 17:34:44
"What Jhumka ? (From ""Rocky Aur Rani Kii Prem Kahaani"")",Pritam,"What Jhumka ? (From ""Rocky Aur Rani Kii Prem Kahaani"")",2023-07-12,64,0,N/A,SPOTIFY,SPOTIFY,2025-03-24 17:34:44
"Satranga (From ""Animal"")",Arijit Singh,"Satranga (From ""ANIMAL"")",2023-10-27,78,0,N/A,SPOTIFY,SPOTIFY,2025-03-24 17:34:44
Pehle Bhi Main,Vishal Mishra,ANIMAL,2023-11-24,76,0,N/A,SPOTIFY,SPOTIFY,2025-03-24 17:34:44
Timi Nacha Na,Wangden Sherpa,Timi Nacha Na,2023-10-20,51,0,N/A,SPOTIFY,SPOTIFY,2025-03-24 17:34:44
"Naina (From ""Crew"")",Diljit Dosanjh,"Naina (From ""Crew"")",2024-03-05,76,0,N/A,SPOTIFY,SPOTIFY,2025-03-24 17:34:44
"Teri Baaton Mein Aisa Uljha Jiya Title Song (From ""Teri Baaton Mein Aisa Uljha Jiya"")",Raghav,"Teri Baaton Mein Aisa Uljha Jiya Title Song (From ""Teri Baaton Mein Aisa Uljha Jiya"")",2024-01-29,68,0,N/A,SPOTIFY,SPOTIFY,2025-03-24 17:34:44
"Laal Peeli Akhiyaan (From ""Teri Baaton Mein Aisa Uljha Jiya"")",Tanishk Bagchi,"Laal Peeli Akhiyaan (From ""Teri Baaton Mein Aisa Uljha Jiya"")",2024-01-12,66,0,N/A,SPOTIFY,SPOTIFY,2025-03-24 17:34:44
"Tum Se (From ""Teri Baaton Mein Aisa Uljha Jiya"")",Sachin-Jigar,"Tum Se (From ""Teri Baaton Mein Aisa Uljha Jiya"")",2024-02-02,78,0,N/A,SPOTIFY,SPOTIFY,2025-03-24 17:34:44
"Sher Khul Gaye (From ""Fighter"")",Vishal-Shekhar,"Sher Khul Gaye (From ""Fighter"")",2023-12-15,57,0,N/A,SPOTIFY,SPOTIFY,2025-03-24 17:34:44
"Ishq Jaisa Kuch (From ""Fighter"")",Vishal-Shekhar,"Ishq Jaisa Kuch (From ""Fighter"")",2023-12-22,59,0,N/A,SPOTIFY,SPOTIFY,2025-03-24 17:34:44
"Bujji Theme (From ""Kalki 2898 Ad"")",Santhosh Narayanan,"Bujji Theme (From ""Kalki 2898 AD"")",2024-05-27,50,0,N/A,SPOTIFY,SPOTIFY,2025-03-24 17:34:44
"Theme Of Kalki (From ""Kalki 2898 Ad"") (Telugu)",Kala Bhairava,"Theme Of Kalki (From ""Kalki 2898 AD"") (Telugu)",2024-06-25,55,0,N/A,SPOTIFY,SPOTIFY,2025-03-24 17:34:44
"Bhairava Anthem (From ""Kalki 2898 Ad"") (Hindi)",Diljit Dosanjh,"Bhairava Anthem (From ""Kalki 2898 Ad"") (Hindi)",2024-06-16,41,0,N/A,SPOTIFY,SPOTIFY,2025-03-24 17:34:44
"Simroon Tera Naam (From ""Yaariyan 2"")",Manan Bhardwaj,"Simroon Tera Naam (From ""Yaariyan 2"")",2023-09-06,57,0,N/A,SPOTIFY,SPOTIFY,2025-03-24 17:34:44
Pasoori Nu,Arijit Singh,Satyaprem Ki Katha,2023-07-01,36,0,N/A,SPOTIFY,SPOTIFY,2025-03-24 17:34:44
Jalebi Baby,Tesher,Jalebi Baby,2020-11-13,68,0,N/A,SPOTIFY,SPOTIFY,2025-03-24 17:34:44
Dil Nu,Ap Dhillon,Two Hearts Never Break The Same,2022-10-07,73,0,N/A,SPOTIFY,SPOTIFY,2025-03-24 17:34:44
Not Ramaiya Vastavaiya,Anirudh Ravichander,Jawan,2023-09-05,53,0,N/A,SPOTIFY,SPOTIFY,2025-03-24 17:34:44
"Besharam Rang (From ""Pathaan"")",Vishal-Shekhar,"Besharam Rang (From ""Pathaan"")",2022-12-12,70,0,N/A,SPOTIFY,SPOTIFY,2025-03-24 17:34:44
Love Stereo Again,Edward Maya,Love Stereo Again,2023-07-21,47,0,N/A,SPOTIFY,SPOTIFY,2025-03-24 17:34:44
Naseeb Se,Payal Dev,Satyaprem Ki Katha,2023-07-01,38,0,N/A,SPOTIFY,SPOTIFY,2025-03-24 17:34:44
Paisa Hai Toh,Sachin-Jigar,Farzi (Original Series Soundtrack),2023-01-26,62,0,N/A,SPOTIFY,SPOTIFY,2025-03-24 17:34:44
Jhoome Jo Pathaan,Vishal-Shekhar,Pathaan,2022-12-22,66,0,N/A,SPOTIFY,SPOTIFY,2025-03-24 17:34:44
Shinunoga E-Wa,Fujii Kaze,HELP EVER HURT NEVER,2020-05-20,77,0,N/A,SPOTIFY,SPOTIFY,2025-03-24 17:34:44
Golden Hour,Jvke,this is what falling in love feels like (554Hz),2022-10-03,76,0,N/A,SPOTIFY,SPOTIFY,2025-03-24 17:34:44
Until I Found You (With Em Beihold) - Em Beihold Version,Stephen Sanchez,Until I Found You (Em Beihold Version),2022-04-22,80,0,N/A,SPOTIFY,SPOTIFY,2025-03-24 17:34:44
Call Out My Name,The Weeknd,"My Dear Melancholy,",2018-03-30,85,0,N/A,SPOTIFY,SPOTIFY,2025-03-24 17:34:44
Bones,Imagine Dragons,Mercury - Acts 1 & 2,2022-07-01,81,0,N/A,SPOTIFY,SPOTIFY,2025-03-24 17:34:44
"Tum Tum (From ""Enemy"")",Thaman S,"Tum Tum (From ""Enemy - Tamil"")",2021-09-03,0,0,N/A,SPOTIFY,SPOTIFY,2025-03-24 17:34:44
Made You Look,Meghan Trainor,Takin' It Back,2022-10-21,78,0,N/A,SPOTIFY,SPOTIFY,2025-03-24 17:34:44
Blank Space,Taylor Swift,1989 (Deluxe),2014-01-01,81,0,N/A,SPOTIFY,SPOTIFY,2025-03-24 17:34:44
Demons,Imagine Dragons,Night Visions,2012-09-04,84,0,N/A,SPOTIFY,SPOTIFY,2025-03-24 17:34:44
Counting Stars,Onerepublic,Native,2013-01-01,87,0,N/A,SPOTIFY,SPOTIFY,2025-03-24 17:34:44
Scars To Your Beautiful,Alessia Cara,Know-It-All (Deluxe),2016-03-11,71,0,N/A,SPOTIFY,SPOTIFY,2025-03-24 17:34:44
Moonlight,Xxxtentacion,?,2018-03-16,82,0,N/A,SPOTIFY,SPOTIFY,2025-03-24 17:34:44
Gasolina,Daddy Yankee,Barrio Fino (Bonus Track Version),2004-07-13,61,0,N/A,SPOTIFY,SPOTIFY,2025-03-24 17:34:44
"Manike (From ""Thank God"")",Yohani,"Manike (From ""Thank God"")",2022-09-16,63,0,N/A,SPOTIFY,SPOTIFY,2025-03-24 17:34:44
Desperado,Raghav,Desperado,2023-04-12,22,0,N/A,SPOTIFY,SPOTIFY,2025-03-24 17:34:44
"Jehda Nasha (From ""An Action Hero"")",Tanishk Bagchi,"Jehda Nasha (From ""An Action Hero"")",2022-11-17,57,0,N/A,SPOTIFY,SPOTIFY,2025-03-24 17:34:44
"Munda Sona Hoon Main (From ""Shehzada"")",Pritam,"Munda Sona Hoon Main (From ""Shehzada"")",2023-01-16,51,0,N/A,SPOTIFY,SPOTIFY,2025-03-24 17:34:44
"Bhool Bhulaiyaa 2 Title Track (From ""Bhool Bhulaiyaa 2"")",Pritam,"Bhool Bhulaiyaa 2 Title Track (From ""Bhool Bhulaiyaa 2"")",2022-05-02,62,0,N/A,SPOTIFY,SPOTIFY,2025-03-24 17:34:44
"Raataan Lambiyan (From ""Shershaah"")",Tanishk Bagchi,"Raataan Lambiyan (From ""Shershaah"")",2021-07-30,70,0,N/A,SPOTIFY,SPOTIFY,2025-03-24 17:34:44
Ranjha,Jasleen Royal,Shershaah (Original Motion Picture Soundtrack),2021-08-16,54,0,N/A,SPOTIFY,SPOTIFY,2025-03-24 17:34:44
"Rangisari (From ""Jugjugg Jeeyo"")",Kanishk Seth,"Rangisari (From ""Jugjugg Jeeyo"")",2022-06-06,60,0,N/A,SPOTIFY,SPOTIFY,2025-03-24 17:34:44
"Rasiya (From ""Brahmastra"")",Pritam,"Rasiya (From ""Brahmastra"")",2022-09-24,59,0,N/A,SPOTIFY,SPOTIFY,2025-03-24 17:34:44
"Deva Deva (From ""Brahmastra"")",Pritam,"Deva Deva (From ""Brahmastra"")",2022-08-08,68,0,N/A,SPOTIFY,SPOTIFY,2025-03-24 17:34:44
"Naacho Naacho (From ""Rrr"")",Vishal Mishra,"Naacho Naacho (From ""RRR"")",2021-11-10,56,0,N/A,SPOTIFY,SPOTIFY,2025-03-24 17:34:44
Jugnu,Badshah,Jugnu,2021-10-26,66,0,N/A,SPOTIFY,SPOTIFY,2025-03-24 17:34:44
"Srivalli (From ""Pushpa The Rise Part - 01"")",Javed Ali,"Srivalli (From ""Pushpa The Rise Part - 01"")",2021-12-14,57,0,N/A,SPOTIFY,SPOTIFY,2025-03-24 17:34:44
"The Punjaabban Song (From ""Jugjugg Jeeyo"")",Tanishk Bagchi,"The Punjaabban Song (From ""Jugjugg Jeeyo"")",2022-05-28,52,0,N/A,SPOTIFY,SPOTIFY,2025-03-24 17:34:44
"Hum Nashe Mein Toh Nahin (From ""Bhool Bhulaiyaa 2"")",Pritam,"Hum Nashe Mein Toh Nahin (From ""Bhool Bhulaiyaa 2"")",2022-05-09,63,0,N/A,SPOTIFY,SPOTIFY,2025-03-24 17:34:44
Paani Paani,Badshah,Paani Paani,2021-06-09,60,0,N/A,SPOTIFY,SPOTIFY,2025-03-24 17:34:44
"Aafat (From ""Liger"")",Tanishk Bagchi,"Aafat (From ""Liger"")",2022-08-06,43,0,N/A,SPOTIFY,SPOTIFY,2025-03-24 17:34:44
"Shayad (From ""Love Aaj Kal"")",Pritam,"Shayad (From ""Love Aaj Kal"")",2020-01-22,63,0,N/A,SPOTIFY,SPOTIFY,2025-03-24 17:34:44
Bewafa,Imran Khan,Bewafa,2009-07-27,2,0,N/A,SPOTIFY,SPOTIFY,2025-03-24 17:34:44
"De Taali (From ""Bhool Bhulaiyaa 2"")",Pritam,"De Taali (From ""Bhool Bhulaiyaa 2"")",2022-05-14,45,0,N/A,SPOTIFY,SPOTIFY,2025-03-24 17:34:44
Maan Meri Jaan (Afterlife),King,Maan Meri Jaan (Afterlife),2023-03-10,54,0,N/A,SPOTIFY,SPOTIFY,2025-03-24 17:34:44
In Da Getto,J Balvin,In Da Getto,2021-07-02,64,0,N/A,SPOTIFY,SPOTIFY,2025-03-24 17:34:44
Dont Be Shy Girl Go Bananza,Bellydancer,Dont Be Shy Girl Go Bananza,2021-12-09,0,0,N/A,SPOTIFY,SPOTIFY,2025-03-24 17:34:44
Gdfr (Feat. Sage The Gemini & Lookas),Flo Rida,My House,2015-04-07,71,0,N/A,SPOTIFY,SPOTIFY,2025-03-24 17:34:44
Love Is Gone - Acoustic,Slander,Love Is Gone (Acoustic),2019-11-13,75,0,N/A,SPOTIFY,SPOTIFY,2025-03-24 17:34:44
Levitating,Dua Lipa,Future Nostalgia,2020-03-27,76,0,N/A,SPOTIFY,SPOTIFY,2025-03-24 17:34:44
Pacify Her,Melanie Martinez,Cry Baby (Deluxe Edition),2015-08-14,74,0,N/A,SPOTIFY,SPOTIFY,2025-03-24 17:34:44
Exil,Hiboky,Exil,2018-12-07,47,0,N/A,SPOTIFY,SPOTIFY,2025-03-24 17:34:44
Dame,Freebot,Dame,2022-02-04,0,0,N/A,SPOTIFY,SPOTIFY,2025-03-24 17:34:44
Tus Besos,Freebot,Tus Besos,2022-05-13,0,0,N/A,SPOTIFY,SPOTIFY,2025-03-24 17:34:44
One Kiss (With Dua Lipa),Calvin Harris,One Kiss (with Dua Lipa),2018-04-06,80,0,N/A,SPOTIFY,SPOTIFY,2025-03-24 17:34:44
Bezos I,Bo Burnham,INSIDE,2021-06-10,63,0,N/A,SPOTIFY,SPOTIFY,2025-03-24 17:34:44
Lift Me Up - From Black Panther: Wakanda Forever - Music From And Inspired By,Rihanna,Lift Me Up (From Black Panther: Wakanda Forever - Music From and Inspired By),2022-10-28,70,0,N/A,SPOTIFY,SPOTIFY,2025-03-24 17:34:44
Hurts So Good,Astrid S,Leave It Beautiful (Complete),2021-03-05,70,0,N/A,SPOTIFY,SPOTIFY,2025-03-24 17:34:44
I Ain'T Worried,Onerepublic,"I Ain’t Worried (Music From The Motion Picture ""Top Gun: Maverick"")",2022-05-13,82,0,N/A,SPOTIFY,SPOTIFY,2025-03-24 17:34:44
Lavender Haze,Taylor Swift,Midnights,2022-10-21,74,0,N/A,SPOTIFY,SPOTIFY,2025-03-24 17:34:44
Midnight Rain,Taylor Swift,Midnights,2022-10-21,75,0,N/A,SPOTIFY,SPOTIFY,2025-03-24 17:34:44
Snow On The Beach (Feat. Lana Del Rey),Taylor Swift,Midnights,2022-10-21,68,0,N/A,SPOTIFY,SPOTIFY,2025-03-24 17:34:44
"Ghodey Pe Sawaar (From ""Qala"")",Amit Trivedi,"Ghodey Pe Sawaar (From ""Qala"")",2022-11-16,62,0,N/A,SPOTIFY,SPOTIFY,2025-03-24 17:34:44
Piya Re,Darshan Raval,Piya Re,2023-02-09,50,0,N/A,SPOTIFY,SPOTIFY,2025-03-24 17:34:44
Tujhe Kitna Chahne Lage,Arijit Singh,Kabir Singh,2019-06-14,64,0,N/A,SPOTIFY,SPOTIFY,2025-03-24 17:34:44
"Kaise Hua (From ""Kabir Singh"")",Vishal Mishra,"Kaise Hua (From ""Kabir Singh"")",2019-06-13,73,0,N/A,SPOTIFY,SPOTIFY,2025-03-24 17:34:44
"Hawayein (From ""Jab Harry Met Sejal"")",Pritam,"Hawayein (From ""Jab Harry Met Sejal"")",2017-07-26,64,0,N/A,SPOTIFY,SPOTIFY,2025-03-24 17:34:44
Shayad,Pritam,Love Aaj Kal (Original Motion Picture Soundtrack),2020-02-14,74,0,N/A,SPOTIFY,SPOTIFY,2025-03-24 17:34:44
Summer High,Ap Dhillon,Two Hearts Never Break The Same,2022-10-07,43,0,N/A,SPOTIFY,SPOTIFY,2025-03-24 17:34:44
Jawan Title Track,Anirudh Ravichander,Jawan,2023-09-05,53,0,N/A,SPOTIFY,SPOTIFY,2025-03-24 17:34:44
Rockin’,The Weeknd,Starboy,2016-11-25,63,0,N/A,SPOTIFY,SPOTIFY,2025-03-24 17:34:44
Party Monster,The Weeknd,Starboy,2016-11-25,78,0,N/A,SPOTIFY,SPOTIFY,2025-03-24 17:34:44
False Alarm,The Weeknd,Starboy,2016-11-25,64,0,N/A,SPOTIFY,SPOTIFY,2025-03-24 17:34:44
Ballin',Psychedelic,BALLIN',2024-01-03,27,0,N/A,SPOTIFY,SPOTIFY,2025-03-24 17:34:44
Dreamer,Alan Walker,Dreamer,2023-04-07,58,0,N/A,SPOTIFY,SPOTIFY,2025-03-24 17:34:44
Night Changes,One Direction,FOUR (Deluxe),2014-11-17,88,0,N/A,SPOTIFY,SPOTIFY,2025-03-24 17:34:44
"O Bedardeya (From ""Tu Jhoothi Main Makkaar"")",Pritam,"O Bedardeya (From ""Tu Jhoothi Main Makkaar"")",2023-03-04,70,0,N/A,SPOTIFY,SPOTIFY,2025-03-24 17:34:44
Ghodey Pe Sawaar,Amit Trivedi,Qala (Music From The Netflix Film),2022-11-23,44,0,N/A,SPOTIFY,SPOTIFY,2025-03-24 17:34:44
"Bolna (From ""Kapoor & Sons (Since 1921)"")",Tanishk Bagchi,"Bolna (From ""Kapoor & Sons (Since 1921)"")",2016-03-04,67,0,N/A,SPOTIFY,SPOTIFY,2025-03-24 17:34:44
"Gehraiyaan Title Track (From ""Gehraiyaan"")",Oaff,"Gehraiyaan Title Track (From ""Gehraiyaan"")",2022-02-01,41,0,N/A,SPOTIFY,SPOTIFY,2025-03-24 17:34:44
Beqaaboo,Oaff,Gehraiyaan (Original Motion Picture Soundtrack),2022-02-07,45,0,N/A,SPOTIFY,SPOTIFY,2025-03-24 17:34:44
"Leke Prabhu Ka Naam (From ""Tiger 3"")",Pritam,"Leke Prabhu Ka Naam (From ""Tiger 3"")",2023-10-23,53,0,N/A,SPOTIFY,SPOTIFY,2025-03-24 17:34:44
"Abrar’S Entry | Jamal Kudu (From ""Animal"")",Harshavardhan Rameshwar,"Abrar’s Entry | Jamal Kudu (From ""ANIMAL"")",2023-12-06,59,0,N/A,SPOTIFY,SPOTIFY,2025-03-24 17:34:44
"Heer Aasmani (From ""Fighter"")",B Praak,"Heer Aasmani (From ""Fighter"")",2024-01-08,60,0,N/A,SPOTIFY,SPOTIFY,2025-03-24 17:34:44
"Saari Duniya Jalaa Denge (Extended Film Version) [From ""Animal""]",Jaani,"Saari Duniya Jalaa Denge (Extended Film Version) [From ""ANIMAL""]",2023-12-22,46,0,N/A,SPOTIFY,SPOTIFY,2025-03-24 17:34:44
"Arjan Vailly (From ""Animal"")",Manan Bhardwaj,"Arjan Vailly (From ""ANIMAL"")",2023-11-18,61,0,N/A,SPOTIFY,SPOTIFY,2025-03-24 17:34:44
Main Nikla Gaddi Leke,Mithoon,Gadar 2 (Original Motion Picture Soundtrack),2023-08-05,49,0,N/A,SPOTIFY,SPOTIFY,2025-03-24 17:34:44
"Choli Ke Peeche (From ""Crew"")",Diljit Dosanjh,Crew (Original Motion Picture Soundtrack),2024-03-28,47,0,N/A,SPOTIFY,SPOTIFY,2025-03-24 17:34:44
Sona Kitna Sona Hai,Ip Singh,Crew (Original Motion Picture Soundtrack),2024-03-28,48,0,N/A,SPOTIFY,SPOTIFY,2025-03-24 17:34:44
Lover,Taylor Swift,Lover,2019-08-23,85,0,N/A,SPOTIFY,SPOTIFY,2025-03-24 17:34:44
Is It Over Now? (Taylor'S Version) (From The Vault),Taylor Swift,1989 (Taylor's Version),2023-10-26,76,0,N/A,SPOTIFY,SPOTIFY,2025-03-24 17:34:44
Video Games,Lana Del Rey,Born To Die - The Paradise Edition,2012-01-01,78,0,N/A,SPOTIFY,SPOTIFY,2025-03-24 17:34:44
We Don'T Talk Anymore (Feat. Selena Gomez),Charlie Puth,Nine Track Mind (Special Edition),2015-11-05,80,0,N/A,SPOTIFY,SPOTIFY,2025-03-24 17:34:44
It'S Beginning To Look A Lot Like Christmas,Michael Bublé,Christmas (Deluxe Special Edition),2011-10-24,60,0,N/A,SPOTIFY,SPOTIFY,2025-03-24 17:34:44
Santa Tell Me,Ariana Grande,Santa Tell Me,2014-11-24,71,0,N/A,SPOTIFY,SPOTIFY,2025-03-24 17:34:44
Rockin' Around The Christmas Tree - Re-Recorded Version,Brenda Lee,100 Greatest Christmas Songs Ever,2022-09-30,40,0,N/A,SPOTIFY,SPOTIFY,2025-03-24 17:34:44
"Santa, Can’T You Hear Me",Kelly Clarkson,100 Greatest Christmas Songs Ever,2022-09-30,39,0,N/A,SPOTIFY,SPOTIFY,2025-03-24 17:34:44
Jingle Bell Rock,Blake Shelton,100 Greatest Christmas Songs Ever,2022-09-30,34,0,N/A,SPOTIFY,SPOTIFY,2025-03-24 17:34:44
Butterfly Effect,Travis Scott,ASTROWORLD,2018-08-02,65,0,N/A,SPOTIFY,SPOTIFY,2025-03-24 17:34:44
Type Shit,Future,WE DON'T TRUST YOU,2024-03-22,85,0,N/A,SPOTIFY,SPOTIFY,2025-03-24 17:34:44
Sahiba,Jasleen Royal,Sahiba,2024-11-15,81,0,N/A,SPOTIFY,SPOTIFY,2025-03-24 17:34:44
"Mere Mehboob (From ""Vicky Vidya Ka Woh Wala Video"")",Sachin-Jigar,"Mere Mehboob (From ""Vicky Vidya Ka Woh Wala Video"")",2024-09-23,70,0,N/A,SPOTIFY,SPOTIFY,2025-03-24 17:34:44
"Khoobsurat (From ""Stree 2"")",Sachin-Jigar,"Khoobsurat (From ""Stree 2"")",2024-08-09,74,0,N/A,SPOTIFY,SPOTIFY,2025-03-24 17:34:44
Suniyan Suniyan,Juss,Suniyan Suniyan,2024-04-12,75,0,N/A,SPOTIFY,SPOTIFY,2025-03-24 17:34:44
"Aayi Nai (From ""Stree 2"")",Sachin-Jigar,"Aayi Nai (From ""Stree 2"")",2024-08-01,73,0,N/A,SPOTIFY,SPOTIFY,2025-03-24 17:34:44
"Dekhha Tenu (From ""Mr. And Mrs. Mahi"")",Mohammad Faiz,"Dekhha Tenu (From ""Mr. And Mrs. Mahi"")",2024-05-14,74,0,N/A,SPOTIFY,SPOTIFY,2025-03-24 17:34:44
"Soni Soni (From ""Ishq Vishk Rebound"")",Darshan Raval,"Soni Soni (From ""Ishq Vishk Rebound"")",2024-05-24,74,0,N/A,SPOTIFY,SPOTIFY,2025-03-24 17:34:44
"Ve Kamleya (From ""Rocky Aur Rani Kii Prem Kahaani"")",Pritam,"Ve Kamleya (From ""Rocky Aur Rani Kii Prem Kahaani"")",2023-07-18,68,0,N/A,SPOTIFY,SPOTIFY,2025-03-24 17:34:44
"Dil Jhoom (From ""Crakk - Jeetegaa Toh Jiyegaa"")",Tanishk Bagchi,"Dil Jhoom (From ""Crakk - Jeetegaa Toh Jiyegaa"")",2024-01-15,56,0,N/A,SPOTIFY,SPOTIFY,2025-03-24 17:34:44
"Tum Kya Mile (From ""Rocky Aur Rani Kii Prem Kahaani"")",Pritam,"Tum Kya Mile (From ""Rocky Aur Rani Kii Prem Kahaani"")",2023-06-28,71,0,N/A,SPOTIFY,SPOTIFY,2025-03-24 17:34:44
"Sooseki (From ""Pushpa 2 The Rule"") [Telugu]",Shreya Ghoshal,"Sooseki (From ""Pushpa 2 The Rule"") [TELUGU]",2024-05-29,71,0,N/A,SPOTIFY,SPOTIFY,2025-03-24 17:34:44
Radio,Lana Del Rey,Born To Die - The Paradise Edition,2012-01-01,74,0,N/A,SPOTIFY,SPOTIFY,2025-03-24 17:34:44
Phoolon Ka Taaro Ka,Vedang Raina,Jigra,2024-10-15,43,0,N/A,SPOTIFY,SPOTIFY,2025-03-24 17:34:44
Jigra Title Track,Vedang Raina,Jigra,2024-10-15,45,0,N/A,SPOTIFY,SPOTIFY,2025-03-24 17:34:44
I Can'T Fucking Sing,The Weeknd,Hurry Up Tomorrow,2025-01-31,27,0,N/A,SPOTIFY,SPOTIFY,2025-03-24 17:34:44
Until We'Re Skin & Bones,The Weeknd,Hurry Up Tomorrow,2025-01-31,32,0,N/A,SPOTIFY,SPOTIFY,2025-03-24 17:34:44
Baptized In Fear,The Weeknd,Hurry Up Tomorrow,2025-01-31,82,0,N/A,SPOTIFY,SPOTIFY,2025-03-24 17:34:44
Opening Night,The Weeknd,Hurry Up Tomorrow,2025-01-31,77,0,N/A,SPOTIFY,SPOTIFY,2025-03-24 17:34:44
"Reflections Laughing (Feat. Travis Scott, Florence + The Machine)",The Weeknd,Hurry Up Tomorrow,2025-01-31,81,0,N/A,SPOTIFY,SPOTIFY,2025-03-24 17:34:44
Enjoy The Show (Feat. Future),The Weeknd,Hurry Up Tomorrow,2025-01-31,79,0,N/A,SPOTIFY,SPOTIFY,2025-03-24 17:34:44
Given Up On Me,The Weeknd,Hurry Up Tomorrow,2025-01-31,77,0,N/A,SPOTIFY,SPOTIFY,2025-03-24 17:34:44
I Can'T Wait To Get There,The Weeknd,Hurry Up Tomorrow,2025-01-31,77,0,N/A,SPOTIFY,SPOTIFY,2025-03-24 17:34:44
Timeless (Feat Playboi Carti),The Weeknd,Hurry Up Tomorrow,2025-01-31,92,0,N/A,SPOTIFY,SPOTIFY,2025-03-24 17:34:44
Niagara Falls,The Weeknd,Hurry Up Tomorrow,2025-01-31,80,0,N/A,SPOTIFY,SPOTIFY,2025-03-24 17:34:44
Take Me Back To La,The Weeknd,Hurry Up Tomorrow,2025-01-31,78,0,N/A,SPOTIFY,SPOTIFY,2025-03-24 17:34:44
Big Sleep (Feat. Giorgio Moroder),The Weeknd,Hurry Up Tomorrow,2025-01-31,74,0,N/A,SPOTIFY,SPOTIFY,2025-03-24 17:34:44
Give Me Mercy,The Weeknd,Hurry Up Tomorrow,2025-01-31,75,0,N/A,SPOTIFY,SPOTIFY,2025-03-24 17:34:44
Drive,The Weeknd,Hurry Up Tomorrow,2025-01-31,74,0,N/A,SPOTIFY,SPOTIFY,2025-03-24 17:34:44
The Abyss (Feat. Lana Del Rey),The Weeknd,Hurry Up Tomorrow,2025-01-31,81,0,N/A,SPOTIFY,SPOTIFY,2025-03-24 17:34:44
Red Terror,The Weeknd,Hurry Up Tomorrow,2025-01-31,74,0,N/A,SPOTIFY,SPOTIFY,2025-03-24 17:34:44
Without A Warning,The Weeknd,Hurry Up Tomorrow,2025-01-31,74,0,N/A,SPOTIFY,SPOTIFY,2025-03-24 17:34:44
No Idea,Don Toliver,Heaven Or Hell,2020-03-13,80,0,N/A,SPOTIFY,SPOTIFY,2025-03-24 17:34:44
Lemonade (Feat. Nav),Internet Money,B4 The Storm,2020-08-28,76,0,N/A,SPOTIFY,SPOTIFY,2025-03-24 17:34:44
Come And Get Your Love - Single Version,Redbone,Come and Get Your Love,1973-11-01,79,0,N/A,SPOTIFY,SPOTIFY,2025-03-24 17:34:44
Do I Wanna Know?,Arctic Monkeys,AM,2013-09-09,87,0,N/A,SPOTIFY,SPOTIFY,2025-03-24 17:34:44
Aadat Se Majboor,Salim–Sulaiman,Ladies vs Ricky Bahl,2011-11-09,61,0,N/A,SPOTIFY,SPOTIFY,2025-03-24 17:34:44
Iktara,Amit Trivedi,Wake Up Sid (Original Motion Picture Soundtrack) [Deluxe Edition],2009,65,0,N/A,SPOTIFY,SPOTIFY,2025-03-24 17:34:44
Ilahi,Pritam,Yeh Jawaani Hai Deewani,2013-03-30,75,0,N/A,SPOTIFY,SPOTIFY,2025-03-24 17:34:44
Jhak Maar Ke,Pritam,Desi Boyz,2011-10-21,61,0,N/A,SPOTIFY,SPOTIFY,2025-03-24 17:34:44
Subha Hone Na De,Pritam,Desi Boyz,2011-10-21,70,0,N/A,SPOTIFY,SPOTIFY,2025-03-24 17:34:44
"Ishq Mein - From ""Nadaaniyan""",Sachin-Jigar,Nadaaniyan (Original Motion Picture Soundtrack),2025-03-03,57,0,N/A,SPOTIFY,SPOTIFY,2025-03-24 17:34:44
Nadaaniyan (Title Song),Sachin-Jigar,Nadaaniyan (Original Motion Picture Soundtrack),2025-03-03,53,0,N/A,SPOTIFY,SPOTIFY,2025-03-24 17:34:44
Cry For Me,The Weeknd,Hurry Up Tomorrow,2025-01-31,89,0,N/A,SPOTIFY,SPOTIFY,2025-03-24 17:35:05
Dtmf,Bad Bunny,DeBÍ TiRAR MáS FOToS,2025-01-05,97,0,N/A,SPOTIFY,SPOTIFY,2025-03-24 17:35:05
Messy,Lola Young,Messy,2024-05-30,91,0,N/A,SPOTIFY,SPOTIFY,2025-03-24 17:35:05
Birds Of A Feather,Billie Eilish,HIT ME HARD AND SOFT,2024-05-17,98,0,N/A,SPOTIFY,SPOTIFY,2025-03-24 17:35:05
Tell Me,Karan Aujla,Tell Me,2025-02-27,74,0,N/A,SPOTIFY,SPOTIFY,2025-03-24 17:35:05
That’S So True,Gracie Abrams,The Secret of Us (Deluxe),2024-10-18,96,0,N/A,SPOTIFY,SPOTIFY,2025-03-24 17:35:05
Taste,Sabrina Carpenter,Short n' Sweet,2024-08-23,79,0,N/A,SPOTIFY,SPOTIFY,2025-03-24 17:35:05
Who,Jimin,MUSE,2024-07-19,89,0,N/A,SPOTIFY,SPOTIFY,2025-03-24 17:35:05
Breathe,Olly Alexander (Years & Years),Take Shelter,2014-01-01,78,0,N/A,SPOTIFY,SPOTIFY,2025-03-24 17:35:05
"Good Luck, Babe!",Chappell Roan,"Good Luck, Babe!",2024-04-05,94,0,N/A,SPOTIFY,SPOTIFY,2025-03-24 17:35:05
Dancing In The Flames,The Weeknd,Dancing In The Flames,2024-09-13,80,0,N/A,SPOTIFY,SPOTIFY,2025-03-24 17:35:05
It'S Ok I'M Ok,Tate Mcrae,It's ok I'm ok,2024-09-12,80,0,N/A,SPOTIFY,SPOTIFY,2025-03-24 17:35:05
Days Before Rodeo: The Prayer,Travis Scott,DAYS BEFORE RODEO,2014-08-18,61,0,N/A,SPOTIFY,SPOTIFY,2025-03-24 17:35:05
Guess Featuring Billie Eilish,Charli Xcx,Guess featuring Billie Eilish,2024-08-01,56,0,N/A,SPOTIFY,SPOTIFY,2025-03-24 17:35:05
Why Why Why,Shawn Mendes,Shawn,2024-08-08,70,0,N/A,SPOTIFY,SPOTIFY,2025-03-24 17:35:05
Lifetimes,Katy Perry,LIFETIMES,2024-08-08,61,0,N/A,SPOTIFY,SPOTIFY,2025-03-24 17:35:05
Houdini,Eminem,The Death of Slim Shady (Coup De Grâce),2024-07-12,77,0,N/A,SPOTIFY,SPOTIFY,2025-03-24 17:35:05
360,Charli Xcx,BRAT,2024-06-07,82,0,N/A,SPOTIFY,SPOTIFY,2025-03-24 17:35:05
Slow It Down,Benson Boone,Fireworks & Rollerblades,2024-04-05,87,0,N/A,SPOTIFY,SPOTIFY,2025-03-24 17:35:05
Not Like Us,Kendrick Lamar,Not Like Us,2024-05-04,96,0,N/A,SPOTIFY,SPOTIFY,2025-03-24 17:35:05
Fortnight (Feat. Post Malone),Taylor Swift,THE TORTURED POETS DEPARTMENT,2024-04-18,84,0,N/A,SPOTIFY,SPOTIFY,2025-03-24 17:35:05
Illusion,Dua Lipa,Illusion,2024-04-11,24,0,N/A,SPOTIFY,SPOTIFY,2025-03-24 17:35:05
Million Dollar Baby,Tommy Richman,MILLION DOLLAR BABY,2024-04-26,17,0,N/A,SPOTIFY,SPOTIFY,2025-03-24 17:35:05
Lunch,Billie Eilish,HIT ME HARD AND SOFT,2024-05-17,86,0,N/A,SPOTIFY,SPOTIFY,2025-03-24 17:35:05
Okloser,Doja Cat,Scarlet 2 CLAUDE,2024-04-05,59,0,N/A,SPOTIFY,SPOTIFY,2025-03-24 17:35:05
End Of Beginning,Djo,DECIDE,2022-09-16,89,0,N/A,SPOTIFY,SPOTIFY,2025-03-24 17:35:05
Lose Control,Teddy Swims,I've Tried Everything But Therapy (Part 1),2023-09-15,90,0,N/A,SPOTIFY,SPOTIFY,2025-03-24 17:35:05
Acquainted,The Weeknd,The Highlights (Deluxe),2024-02-09,41,0,N/A,SPOTIFY,SPOTIFY,2025-03-24 17:35:05
Rich Baby Daddy (Feat. Sexyy Red & Sza),Drake,For All The Dogs,2023-10-06,79,0,N/A,SPOTIFY,SPOTIFY,2025-03-24 17:35:05
"One Of The Girls (With Jennie, Lily Rose Depp)",The Weeknd,The Idol Episode 4 (Music from the HBO Original Series),2023-06-23,92,0,N/A,SPOTIFY,SPOTIFY,2025-03-24 17:35:05
Too Much,The Kid Laroi,TOO MUCH,2023-10-19,64,0,N/A,SPOTIFY,SPOTIFY,2025-03-24 17:35:05
7 Rings,Ariana Grande,"thank u, next",2019-02-08,83,0,N/A,SPOTIFY,SPOTIFY,2025-03-24 17:35:05
You & Me,Jennie,JENNIE Special Single [You & Me],2023-10-06,71,0,N/A,SPOTIFY,SPOTIFY,2025-03-24 17:35:05
Seven (Feat. Latto),Jung Kook,Seven (feat. Latto),2023-07-14,78,0,N/A,SPOTIFY,SPOTIFY,2025-03-24 17:35:05
Water,Tyla,Water,2023-07-28,85,0,N/A,SPOTIFY,SPOTIFY,2025-03-24 17:35:05
"Calling (Spider-Man: Across The Spider-Verse) (Metro Boomin & Swae Lee, Nav, Feat. A Boogie Wit Da Hoodie)",Metro Boomin,METRO BOOMIN PRESENTS SPIDER-MAN: ACROSS THE SPIDER-VERSE (SOUNDTRACK FROM AND INSPIRED BY THE MOTION PICTURE),2023-06-02,71,0,N/A,SPOTIFY,SPOTIFY,2025-03-24 17:35:05
Dance The Night - From Barbie The Album,Dua Lipa,Dance The Night (From Barbie The Album),2023-05-25,83,0,N/A,SPOTIFY,SPOTIFY,2025-03-24 17:35:05
Baby Don'T Hurt Me,David Guetta,Baby Don't Hurt Me,2023-04-06,80,0,N/A,SPOTIFY,SPOTIFY,2025-03-24 17:35:05
Reminder,The Weeknd,Starboy,2016-11-25,82,0,N/A,SPOTIFY,SPOTIFY,2025-03-24 17:35:05
K-Pop,Travis Scott,K-POP,2023-07-21,70,0,N/A,SPOTIFY,SPOTIFY,2025-03-24 17:35:05
All The Stars (With Sza),Kendrick Lamar,Black Panther The Album Music From And Inspired By,2018-02-09,95,0,N/A,SPOTIFY,SPOTIFY,2025-03-24 17:35:05
Single Soon,Selena Gomez,Single Soon,2023-08-25,71,0,N/A,SPOTIFY,SPOTIFY,2025-03-24 17:35:05
Don'T Start Now,Dua Lipa,Future Nostalgia,2020-03-27,82,0,N/A,SPOTIFY,SPOTIFY,2025-03-24 17:35:05
Blinding Lights,The Weeknd,After Hours,2020-03-20,88,0,N/A,SPOTIFY,SPOTIFY,2025-03-24 17:35:05
Lovely (With Khalid),Billie Eilish,lovely (with Khalid),2018-04-19,87,0,N/A,SPOTIFY,SPOTIFY,2025-03-24 17:35:05
Die For You,The Weeknd,Starboy,2016-11-24,86,0,N/A,SPOTIFY,SPOTIFY,2025-03-24 17:35:05
Save Your Tears,The Weeknd,After Hours,2020-03-20,85,0,N/A,SPOTIFY,SPOTIFY,2025-03-24 17:35:05
Shape Of You,Ed Sheeran,÷ (Deluxe),2017-03-03,88,0,N/A,SPOTIFY,SPOTIFY,2025-03-24 17:35:05
Unforgettable,French Montana,Jungle Rules,2017-07-14,86,0,N/A,SPOTIFY,SPOTIFY,2025-03-24 17:35:05
Creepin' (With The Weeknd & 21 Savage),Metro Boomin,HEROES & VILLAINS,2022-12-02,82,0,N/A,SPOTIFY,SPOTIFY,2025-03-24 17:35:05
Such A Whore (Stellular Remix),Jvla,Such a Whore (Stellular Remix),2020-06-03,65,0,N/A,SPOTIFY,SPOTIFY,2025-03-24 17:35:05
Issues - Alan Walker Remix,Julia Michaels,Issues (Alan Walker Remix),2017-05-05,59,0,N/A,SPOTIFY,SPOTIFY,2025-03-24 17:35:05
Fed Up,Ghostemane,ANTI-ICON,2020-10-21,66,0,N/A,SPOTIFY,SPOTIFY,2025-03-24 17:35:05
Copines Slowed - Remix,Eduardo Luzquiños,Copines Slowed (Remix),2021-01-26,0,0,N/A,SPOTIFY,SPOTIFY,2025-03-24 17:35:05
Goosebumps,Travis Scott,Birds In The Trap Sing McKnight,2016-09-16,86,0,N/A,SPOTIFY,SPOTIFY,2025-03-24 17:35:05
No Lie,Sean Paul,Mad Love The Prequel,2018-06-29,82,0,N/A,SPOTIFY,SPOTIFY,2025-03-24 17:35:05
Diamonds,Rihanna,Unapologetic (Deluxe),2012-12-10,57,0,N/A,SPOTIFY,SPOTIFY,2025-03-24 17:35:05
Dusk Till Dawn (Feat. Sia) - Radio Edit,Zayn,Icarus Falls,2018-12-14,83,0,N/A,SPOTIFY,SPOTIFY,2025-03-24 17:35:05
Attention,Charlie Puth,Voicenotes,2018-05-11,82,0,N/A,SPOTIFY,SPOTIFY,2025-03-24 17:35:05
Wolves,Selena Gomez,Wolves,2017-10-25,77,0,N/A,SPOTIFY,SPOTIFY,2025-03-24 17:35:05
Sunflower - Spider-Man: Into The Spider-Verse,Post Malone,Hollywood's Bleeding,2019-09-06,82,0,N/A,SPOTIFY,SPOTIFY,2025-03-24 17:35:05
On & On,Cartoon,On & On,2015-07-09,75,0,N/A,SPOTIFY,SPOTIFY,2025-03-24 17:35:05
Dusk Till Dawn (Feat. Sia) - Brooks Remix,Zayn,Dusk Till Dawn (The Remixes) (feat. Sia),2017-09-29,47,0,N/A,SPOTIFY,SPOTIFY,2025-03-24 17:35:05
In The End - Mellen Gi Remix,Tommee Profitt,In The End,2019-03-22,68,0,N/A,SPOTIFY,SPOTIFY,2025-03-24 17:35:05
Starboy,The Weeknd,Starboy,2016-11-25,89,0,N/A,SPOTIFY,SPOTIFY,2025-03-24 17:35:05
Cold Heart - Pnau Remix,Elton John,The Lockdown Sessions,2021-10-22,79,0,N/A,SPOTIFY,SPOTIFY,2025-03-24 17:35:05
"Alone, Pt. Ii",Alan Walker,World Of Walker,2021-11-26,71,0,N/A,SPOTIFY,SPOTIFY,2025-03-24 17:35:05
Habibi - Albanian Remix,Ricky Rich,Habibi (Albanian Remix),2021-11-19,69,0,N/A,SPOTIFY,SPOTIFY,2025-03-24 17:35:05
Let Me Down Slowly,Alec Benjamin,Narrated For You,2018-11-16,83,0,N/A,SPOTIFY,SPOTIFY,2025-03-24 17:35:05
Falling,Trevor Daniel,Nicotine,2020-03-26,76,0,N/A,SPOTIFY,SPOTIFY,2025-03-24 17:35:05
Into Your Arms,Felax,Black Rose,2022-07-01,0,0,N/A,SPOTIFY,SPOTIFY,2025-03-24 17:35:05
Headlights (Feat. Kiddo),Alok,Headlights (feat. KIDDO),2022-02-18,67,0,N/A,SPOTIFY,SPOTIFY,2025-03-24 17:35:05
Right Now (Na Na Na),Akon,Freedom,2008-01-01,2,0,N/A,SPOTIFY,SPOTIFY,2025-03-24 17:35:05
Señorita,Shawn Mendes,Shawn Mendes (Deluxe),2019-06-19,79,0,N/A,SPOTIFY,SPOTIFY,2025-03-24 17:35:05
Perfect,Ed Sheeran,÷ (Deluxe),2017-03-03,88,0,N/A,SPOTIFY,SPOTIFY,2025-03-24 17:35:05
Love The Way You Lie,Eminem,Recovery,2010-06-18,85,0,N/A,SPOTIFY,SPOTIFY,2025-03-24 17:35:05
"Love Me Like You Do - From ""Fifty Shades Of Grey""",Ellie Goulding,Delirium (Deluxe),2015-11-06,78,0,N/A,SPOTIFY,SPOTIFY,2025-03-24 17:35:05
Love Yourself,Justin Bieber,Purpose (Deluxe),2015-11-13,85,0,N/A,SPOTIFY,SPOTIFY,2025-03-24 17:35:05
Idgaf (Feat. Yeat),Drake,For All The Dogs,2023-10-06,77,0,N/A,SPOTIFY,SPOTIFY,2025-03-24 17:35:05
Wildest Dreams,Taylor Swift,1989,2014-01-01,74,0,N/A,SPOTIFY,SPOTIFY,2025-03-24 17:35:05
Timeless (Feat. Playboi Carti),The Weeknd,Timeless,2024-09-27,86,0,N/A,SPOTIFY,SPOTIFY,2025-03-24 17:35:05
What I Am,Zayn,What I Am,2024-03-15,50,0,N/A,SPOTIFY,SPOTIFY,2025-03-24 17:35:05
Run It Up,Hanumankind,Run It Up,2025-03-06,75,0,N/A,SPOTIFY,SPOTIFY,2025-03-24 17:35:37
Anxiety,Doechii,Anxiety,2025-03-05,91,0,N/A,SPOTIFY,SPOTIFY,2025-03-24 17:35:37
Blue,Yung Kai,blue,2024-08-02,91,0,N/A,SPOTIFY,SPOTIFY,2025-03-24 17:35:37
Apt.,Rosé,APT.,2024-10-18,95,0,N/A,SPOTIFY,SPOTIFY,2025-03-24 17:35:37
Luther (With Sza),Kendrick Lamar,GNX,2024-11-21,94,0,N/A,SPOTIFY,SPOTIFY,2025-03-24 17:35:37
Tv Off (Feat. Lefty Gunplay),Kendrick Lamar,GNX,2024-11-22,94,0,N/A,SPOTIFY,SPOTIFY,2025-03-24 17:35:37
Big Dawgs,Hanumankind,Big Dawgs,2024-07-09,83,0,N/A,SPOTIFY,SPOTIFY,2025-03-24 17:35:37
Please Please Please,Sabrina Carpenter,Please Please Please,2024-06-06,85,0,N/A,SPOTIFY,SPOTIFY,2025-03-24 17:35:37
Mamushi (Feat. Yuki Chiba),Megan Thee Stallion,MEGAN,2024-06-28,77,0,N/A,SPOTIFY,SPOTIFY,2025-03-24 17:35:37
Espresso,Sabrina Carpenter,Espresso,2024-04-12,88,0,N/A,SPOTIFY,SPOTIFY,2025-03-24 17:35:37
Bye Bye Bye - From Deadpool And Wolverine Soundtrack,*Nsync,No Strings Attached,2000-03-21,82,0,N/A,SPOTIFY,SPOTIFY,2025-03-24 17:35:37
Alibi (With Pabllo Vittar & Yseult),Sevdaliza,Alibi (with Pabllo Vittar & Yseult),2024-06-28,82,0,N/A,SPOTIFY,SPOTIFY,2025-03-24 17:35:37
Devil Is A Lie,Tommy Richman,DEVIL IS A LIE,2024-06-14,77,0,N/A,SPOTIFY,SPOTIFY,2025-03-24 17:35:37
I Like The Way You Kiss Me,Artemas,i like the way you kiss me,2024-03-19,84,0,N/A,SPOTIFY,SPOTIFY,2025-03-24 17:35:37
Blue,Billie Eilish,HIT ME HARD AND SOFT,2024-05-17,83,0,N/A,SPOTIFY,SPOTIFY,2025-03-24 17:35:37
August,Taylor Swift,folklore,2020-07-24,84,0,N/A,SPOTIFY,SPOTIFY,2025-03-24 17:35:37
Too Sweet,Hozier,Unheard,2024-03-22,79,0,N/A,SPOTIFY,SPOTIFY,2025-03-24 17:35:37
One Love,Blue,One Love,2002,65,0,N/A,SPOTIFY,SPOTIFY,2025-03-24 17:35:37
Favorite,Isabel Larosa,Favorite,2024-03-29,77,0,N/A,SPOTIFY,SPOTIFY,2025-03-24 17:35:37
Slay!,Eternxlkz,SLAY!,2024-03-15,80,0,N/A,SPOTIFY,SPOTIFY,2025-03-24 17:35:37
Tokyo,Leat'Eq,Tokyo,2018-05-07,0,0,N/A,SPOTIFY,SPOTIFY,2025-03-24 17:35:37
We Can'T Be Friends (Wait For Your Love),Ariana Grande,eternal sunshine,2024-03-08,82,0,N/A,SPOTIFY,SPOTIFY,2025-03-24 17:35:37
Tadow,Masego,Lady Lady,2018-09-07,76,0,N/A,SPOTIFY,SPOTIFY,2025-03-24 17:35:37
The Perfect Girl,Mareux,The Perfect Girl,2021-12-08,76,0,N/A,SPOTIFY,SPOTIFY,2025-03-24 17:35:37
Don'T Go Insane,Dpr Ian,Don't Go Insane,2023-10-04,62,0,N/A,SPOTIFY,SPOTIFY,2025-03-24 17:35:37
Beautiful Things,Benson Boone,Beautiful Things,2024-01-18,87,0,N/A,SPOTIFY,SPOTIFY,2025-03-24 17:35:37
Redrum,21 Savage,american dream,2024-01-12,83,0,N/A,SPOTIFY,SPOTIFY,2025-03-24 17:35:37
Angel Numbers / Ten Toes,Chris Brown,11:11,2023-11-10,78,0,N/A,SPOTIFY,SPOTIFY,2025-03-24 17:35:37
Snowman,Sia,Everyday Is Christmas (Deluxe Edition),2018-11-01,77,0,N/A,SPOTIFY,SPOTIFY,2025-03-24 17:35:37
The Night We Met,Lord Huron,Strange Trails,2015-04-06,90,0,N/A,SPOTIFY,SPOTIFY,2025-03-24 17:35:37
Bloodline,Ariana Grande,"thank u, next",2019-02-08,77,0,N/A,SPOTIFY,SPOTIFY,2025-03-24 17:35:37
Surround Sound (Feat. 21 Savage & Baby Tate),Jid,The Forever Story (Extended Version),2022-10-31,79,0,N/A,SPOTIFY,SPOTIFY,2025-03-24 17:35:37
Bécane - A Colors Show,Yamê,Bécane - A COLORS SHOW,2023-06-01,67,0,N/A,SPOTIFY,SPOTIFY,2025-03-24 17:35:37
Manda Bala,Ariis,MANDA BALA,2023-12-08,70,0,N/A,SPOTIFY,SPOTIFY,2025-03-24 17:35:37
Vvv,Mikeeysmind,VVV,2023-10-21,1,0,N/A,SPOTIFY,SPOTIFY,2025-03-24 17:35:37
Let Her Go (Feat. Ed Sheeran) - Anniversary Edition,Passenger,All The Little Lights (Anniversary Edition),2023-11-10,64,0,N/A,SPOTIFY,SPOTIFY,2025-03-24 17:35:37
Skyfall,Adele,Skyfall,2012-10-04,85,0,N/A,SPOTIFY,SPOTIFY,2025-03-24 17:35:37
Family Affair,Mary J. Blige,No More Drama,2001-08-28,80,0,N/A,SPOTIFY,SPOTIFY,2025-03-24 17:35:37
Run Away,Sunstroke,Run Away,2022-12-09,52,0,N/A,SPOTIFY,SPOTIFY,2025-03-24 17:35:37
Fireball (Feat. John Ryan),Pitbull,Globalization,2014-11-24,79,0,N/A,SPOTIFY,SPOTIFY,2025-03-24 17:35:37
Nothing'S New,Rio Romeo,Good God!,2022-09-23,80,0,N/A,SPOTIFY,SPOTIFY,2025-03-24 17:35:37
Greedy,Tate Mcrae,greedy,2023-09-15,88,0,N/A,SPOTIFY,SPOTIFY,2025-03-24 17:35:37
Luminary,Joel Sunny,Luminary,2023-09-01,70,0,N/A,SPOTIFY,SPOTIFY,2025-03-24 17:35:37
Houdini,Dua Lipa,Houdini,2023-11-09,30,0,N/A,SPOTIFY,SPOTIFY,2025-03-24 17:35:37
Montagem - Pr Funk,S3Bzs,MONTAGEM - PR FUNK,2023-05-01,75,0,N/A,SPOTIFY,SPOTIFY,2025-03-24 17:35:37
3:15 - Slowed Down + Reverb,Russ,"3:15 (OG, Slowed Down + Reverb, Sped Up)",2023-02-17,58,0,N/A,SPOTIFY,SPOTIFY,2025-03-24 17:35:37
Way Down We Go,Kaleo,A/B,2016-06-10,83,0,N/A,SPOTIFY,SPOTIFY,2025-03-24 17:35:37
Billie Eilish.,Armani White,BILLIE EILISH.,2022-05-19,67,0,N/A,SPOTIFY,SPOTIFY,2025-03-24 17:35:37
Time Traveller,M.I.A.,MATA,2022-10-14,52,0,N/A,SPOTIFY,SPOTIFY,2025-03-24 17:35:37
Džanum,Teya Dora,Džanum,2023-03-22,0,0,N/A,SPOTIFY,SPOTIFY,2025-03-24 17:35:37
Mind Games,Sickick,Mind Games,2017-11-17,74,0,N/A,SPOTIFY,SPOTIFY,2025-03-24 17:35:37
Paint The Town Red,Doja Cat,Paint The Town Red,2023-08-04,79,0,N/A,SPOTIFY,SPOTIFY,2025-03-24 17:35:37
A Pimp Named Slickback,Lakim,Classics II,2019-09-06,59,0,N/A,SPOTIFY,SPOTIFY,2025-03-24 17:35:37
Strangers,Kenya Grace,Strangers,2023-09-01,78,0,N/A,SPOTIFY,SPOTIFY,2025-03-24 17:35:37
Le Monde - From Talk To Me,Richard Carter,Talk to Me (Original Soundtrack),2023-08-04,63,0,N/A,SPOTIFY,SPOTIFY,2025-03-24 17:35:37
Be Alright,Dean Lewis,Be Alright,2018-06-29,76,0,N/A,SPOTIFY,SPOTIFY,2025-03-24 17:35:37
Popular (With Playboi Carti & Madonna) - From The Idol Vol. 1 (Music From The Hbo Original Series),The Weeknd,Popular (Music from the HBO Original Series),2023-06-02,83,0,N/A,SPOTIFY,SPOTIFY,2025-03-24 17:35:37
Ainsi Bas La Vida,Indila,Mini World (Deluxe),2014-11-17,68,0,N/A,SPOTIFY,SPOTIFY,2025-03-24 17:35:37
Lover (Remix) [Feat. Shawn Mendes],Taylor Swift,Lover (Remix) [feat. Shawn Mendes],2019-11-13,66,0,N/A,SPOTIFY,SPOTIFY,2025-03-24 17:35:37
Intro (Infected),Sickick,Talksick 3,2016-11-02,66,0,N/A,SPOTIFY,SPOTIFY,2025-03-24 17:35:37
Choix De Vie - Remix,Randall,Choix de vie (Remix),2020-03-14,45,0,N/A,SPOTIFY,SPOTIFY,2025-03-24 17:35:37
Makeba,Jain,Zanaka,2016-10-21,67,0,N/A,SPOTIFY,SPOTIFY,2025-03-24 17:35:37
Vampire,Olivia Rodrigo,vampire,2023-06-30,8,0,N/A,SPOTIFY,SPOTIFY,2025-03-24 17:35:37
Отключаю Телефон,Instasamka,Отключаю телефон,2023-02-17,3,0,N/A,SPOTIFY,SPOTIFY,2025-03-24 17:35:37
Cruel Summer,Taylor Swift,Lover,2019-08-23,89,0,N/A,SPOTIFY,SPOTIFY,2025-03-24 17:35:37
Daylight,David Kushner,Daylight,2023-04-14,81,0,N/A,SPOTIFY,SPOTIFY,2025-03-24 17:35:37
Cupid - Twin Ver.,Fifty Fifty,The Beginning: Cupid,2023-02-24,17,0,N/A,SPOTIFY,SPOTIFY,2025-03-24 17:35:37
What It Is (Solo Version),Doechii,What It Is (Versions),2023-03-17,77,0,N/A,SPOTIFY,SPOTIFY,2025-03-24 17:35:37
Set Fire To The Rain X Another Love,Ren0Wned,Set Fire to the Rain x Another Love,2022-12-06,52,0,N/A,SPOTIFY,SPOTIFY,2025-03-24 17:35:37
Money Trees,Kendrick Lamar,"good kid, m.A.A.d city",2012,84,0,N/A,SPOTIFY,SPOTIFY,2025-03-24 17:35:37
All Eyez On Me Remix,Thug Life,All Eyez on Me Remix,2016-05-04,0,0,N/A,SPOTIFY,SPOTIFY,2025-03-24 17:35:37
All I Have Tonight,Joysic,All I Have Tonight,2023-06-21,23,0,N/A,SPOTIFY,SPOTIFY,2025-03-24 17:35:37
Die For You (With Ariana Grande) - Remix,The Weeknd,Starboy (Deluxe),2023-03-14,77,0,N/A,SPOTIFY,SPOTIFY,2025-03-24 17:35:37
Ta Ta Ta (With Jason Derulo),Bayanni,Ta Ta Ta (with Jason Derulo),2023-04-14,61,0,N/A,SPOTIFY,SPOTIFY,2025-03-24 17:35:37
Watch This - Arizonatears Pluggnb Remix,Lil Uzi Vert,Watch This (ARIZONATEARS Pluggnb Remix),2023-02-05,74,0,N/A,SPOTIFY,SPOTIFY,2025-03-24 17:35:37
Collide (Feat. Tyga),Justine Skye,Collide (feat. Tyga),2014-08-25,71,0,N/A,SPOTIFY,SPOTIFY,2025-03-24 17:35:37
Escapism.,Raye,Escapism. / The Thrill Is Gone.,2022-10-12,11,0,N/A,SPOTIFY,SPOTIFY,2025-03-24 17:35:37
People,Libianca,People,2022-12-06,78,0,N/A,SPOTIFY,SPOTIFY,2025-03-24 17:35:37
Bloody Mary,Lady Gaga,Born This Way (International Special Edition Version),2011-05-23,76,0,N/A,SPOTIFY,SPOTIFY,2025-03-24 17:35:37
Under The Influence,Chris Brown,Indigo (Extended),2019-10-04,84,0,N/A,SPOTIFY,SPOTIFY,2025-03-24 17:35:37
Mockingbird,Eminem,Encore (Deluxe Version),2004-11-12,86,0,N/A,SPOTIFY,SPOTIFY,2025-03-24 17:35:37
Unholy (Feat. Kim Petras),Sam Smith,Unholy (feat. Kim Petras),2022-09-22,78,0,N/A,SPOTIFY,SPOTIFY,2025-03-24 17:35:37
No Wind Resistance Sped Up!,Kinneret,No Wind Resistance SPED UP!,2022-09-05,58,0,N/A,SPOTIFY,SPOTIFY,2025-03-24 17:35:37
People Call It Love,Huntersynth,People Call It Love,2023-02-01,22,0,N/A,SPOTIFY,SPOTIFY,2025-03-24 17:35:37
Snap,Rosa Linn,SNAP,2022-03-19,21,0,N/A,SPOTIFY,SPOTIFY,2025-03-24 17:35:37
A Gangster'S Wife,Ms Krazie,Smile Now Cry Never,2008-07-01,59,0,N/A,SPOTIFY,SPOTIFY,2025-03-24 17:35:37
Maybe My Soulmate Died,Iamnotshane,Maybe My Soulmate Died,2022-06-15,0,0,N/A,SPOTIFY,SPOTIFY,2025-03-24 17:35:37
No,Meghan Trainor,Thank You (Deluxe Version),2017-05-12,74,0,N/A,SPOTIFY,SPOTIFY,2025-03-24 17:35:37
Beggin',Måneskin,Chosen,2017-12-08,84,0,N/A,SPOTIFY,SPOTIFY,2025-03-24 17:35:37
Into Your Arms (Feat. Ava Max),Witt Lowry,Into Your Arms (feat. Ava Max),2018-06-08,72,0,N/A,SPOTIFY,SPOTIFY,2025-03-24 17:35:37
Abcdefu,Gayle,abcdefu,2021-08-13,74,0,N/A,SPOTIFY,SPOTIFY,2025-03-24 17:35:37
Industry Baby (Feat. Jack Harlow),Lil Nas X,INDUSTRY BABY (feat. Jack Harlow),2021-07-23,75,0,N/A,SPOTIFY,SPOTIFY,2025-03-24 17:35:37
Dreamers [Music From The Fifa World Cup Qatar 2022 Official Soundtrack],Jung Kook,Dreamers [Music from the FIFA World Cup Qatar 2022 Official Soundtrack],2022-11-20,5,0,N/A,SPOTIFY,SPOTIFY,2025-03-24 17:35:37
Middle Of The Night,Elley Duhé,MIDDLE OF THE NIGHT,2020-01-10,76,0,N/A,SPOTIFY,SPOTIFY,2025-03-24 17:35:37
Idfc,Blackbear,dead,2015-06-02,72,0,N/A,SPOTIFY,SPOTIFY,2025-03-24 17:35:37
Dandelions,Ruth B.,Safe Haven,2017-05-05,86,0,N/A,SPOTIFY,SPOTIFY,2025-03-24 17:35:37
Lovin On Me,Jack Harlow,Lovin On Me,2023-11-10,82,0,N/A,SPOTIFY,SPOTIFY,2025-03-24 17:35:37
Murder In My Mind,Kordhell,Murder In My Mind,2022-01-21,76,0,N/A,SPOTIFY,SPOTIFY,2025-03-24 17:35:37
Royalty,Egzod,Royalty,2021-04-22,79,0,N/A,SPOTIFY,SPOTIFY,2025-03-24 17:35:37
As It Was,Harry Styles,As It Was,2022-03-31,17,0,N/A,SPOTIFY,SPOTIFY,2025-03-24 17:35:37
Miss You - Sped Up Version,Oliver Tree,Miss You (Sped Up Version),2022-10-17,61,0,N/A,SPOTIFY,SPOTIFY,2025-03-24 17:35:37
Calm Down (With Selena Gomez),Rema,Calm Down (with Selena Gomez),2022-08-25,80,0,N/A,SPOTIFY,SPOTIFY,2025-03-24 17:35:37
I Was Never There,The Weeknd,"My Dear Melancholy,",2018-03-30,83,0,N/A,SPOTIFY,SPOTIFY,2025-03-24 17:35:37
Sunroof,Nicky Youre,Sunroof,2021-12-03,12,0,N/A,SPOTIFY,SPOTIFY,2025-03-24 17:35:37
Wait A Minute!,Willow,ARDIPITHECUS,2015-01-11,79,0,N/A,SPOTIFY,SPOTIFY,2025-03-24 17:35:37
Se Acabo (Feat. Method Man),The Beatnuts,Take It Or Squeeze It,2001-03-10,59,0,N/A,SPOTIFY,SPOTIFY,2025-03-24 17:35:37
Deja Vu,Sash,Deja Vu,2022-10-12,23,0,N/A,SPOTIFY,SPOTIFY,2025-03-24 17:35:37
Mask Off,Future,FUTURE,2017-06-30,83,0,N/A,SPOTIFY,SPOTIFY,2025-03-24 17:35:37
Slow Motion,Amaria Bb,Slow Motion,2021-05-14,2,0,N/A,SPOTIFY,SPOTIFY,2025-03-24 17:35:37
Joro,Wizkid,Joro,2019-09-30,64,0,N/A,SPOTIFY,SPOTIFY,2025-03-24 17:35:37
Go Down Deh (Feat. Sean Paul & Shaggy),Spice,Go Down Deh (feat. Sean Paul & Shaggy),2021-04-30,65,0,N/A,SPOTIFY,SPOTIFY,2025-03-24 17:35:37
Dandelions - Slowed + Reverb,Ruth B.,Dandelions (slowed + reverb),2021-08-27,66,0,N/A,SPOTIFY,SPOTIFY,2025-03-24 17:35:37
Enemy (With Jid) - From The Series Arcane League Of Legends,Imagine Dragons,Enemy (with JID) [from the series Arcane League of Legends],2021-10-28,76,0,N/A,SPOTIFY,SPOTIFY,2025-03-24 17:35:37
All Gas,The Fifthguys,All Gas,2022-04-15,25,0,N/A,SPOTIFY,SPOTIFY,2025-03-24 17:35:37
To The Moon,Jnr Choi,TO THE MOON,2021-11-05,1,0,N/A,SPOTIFY,SPOTIFY,2025-03-24 17:35:37
Love Nwantiti (Ah Ah Ah),Ckay,CKay The First,2019-08-30,76,0,N/A,SPOTIFY,SPOTIFY,2025-03-24 17:35:37
Infinity,Jaymes Young,Feel Something,2017-06-23,77,0,N/A,SPOTIFY,SPOTIFY,2025-03-24 17:35:37
Runaway,Aurora,All My Demons Greeting Me As A Friend (Deluxe),2016-03-11,77,0,N/A,SPOTIFY,SPOTIFY,2025-03-24 17:35:37
Hold Me While You Wait,Lewis Capaldi,Divinely Uninspired To A Hellish Extent,2019-05-17,77,0,N/A,SPOTIFY,SPOTIFY,2025-03-24 17:35:37
The Good Part,Ajr,The Click,2017-06-30,60,0,N/A,SPOTIFY,SPOTIFY,2025-03-24 17:35:37
Heat Waves,Glass Animals,Dreamland (+ Bonus Levels),2020-08-06,17,0,N/A,SPOTIFY,SPOTIFY,2025-03-24 17:35:37
Stay (With Justin Bieber),The Kid Laroi,STAY (with Justin Bieber),2021-07-09,80,0,N/A,SPOTIFY,SPOTIFY,2025-03-24 17:35:37
Bananza (Belly Dancer),Akon,Trouble,2004-01-01,0,0,N/A,SPOTIFY,SPOTIFY,2025-03-24 17:35:37
High School,Nicki Minaj,Pink Friday: Roman Reloaded The Re-Up (Explicit Version),2012-01-01,64,0,N/A,SPOTIFY,SPOTIFY,2025-03-24 17:35:37
Until I Found You,Stephen Sanchez,Until I Found You,2021-09-01,78,0,N/A,SPOTIFY,SPOTIFY,2025-03-24 17:35:37
At My Worst,Pink Sweat$,The Prelude,2020-07-17,67,0,N/A,SPOTIFY,SPOTIFY,2025-03-24 17:35:37
Life Goes On,Oliver Tree,"Ugly is Beautiful: Shorter, Thicker & Uglier (Deluxe)",2021-05-28,72,0,N/A,SPOTIFY,SPOTIFY,2025-03-24 17:35:37
Unstoppable,Sia,This Is Acting,2016-01-29,81,0,N/A,SPOTIFY,SPOTIFY,2025-03-24 17:35:37
Woman,Doja Cat,Planet Her,2021-06-25,83,0,N/A,SPOTIFY,SPOTIFY,2025-03-24 17:35:37
Mama Said,Lukas Graham,Lukas Graham,2016-04-01,67,0,N/A,SPOTIFY,SPOTIFY,2025-03-24 17:35:37
Copines,Aya Nakamura,NAKAMURA,2018-11-02,73,0,N/A,SPOTIFY,SPOTIFY,2025-03-24 17:35:37
All For Us - From The Hbo Original Series Euphoria,Labrinth,All For Us (from the HBO Original Series Euphoria),2019-08-04,68,0,N/A,SPOTIFY,SPOTIFY,2025-03-24 17:35:37
Hymn For The Weekend,Coldplay,A Head Full of Dreams,2015-12-04,84,0,N/A,SPOTIFY,SPOTIFY,2025-03-24 17:35:37
Levitating (Feat. Dababy),Dua Lipa,Future Nostalgia,2020-03-27,81,0,N/A,SPOTIFY,SPOTIFY,2025-03-24 17:35:37
Easy On Me,Adele,Easy On Me,2021-10-14,80,0,N/A,SPOTIFY,SPOTIFY,2025-03-24 17:35:37
Venom,Little Simz,GREY Area,2019-03-01,1,0,N/A,SPOTIFY,SPOTIFY,2025-03-24 17:35:37
Stereo Hearts (Feat. Adam Levine),Gym Class Heroes,The Papercut Chronicles II,2011-11-11,81,0,N/A,SPOTIFY,SPOTIFY,2025-03-24 17:35:37
Leave The Door Open,Bruno Mars,Leave The Door Open,2021-03-05,5,0,N/A,SPOTIFY,SPOTIFY,2025-03-24 17:35:37
Papi Chulo,Octavian,Papi Chulo,2020-03-13,0,0,N/A,SPOTIFY,SPOTIFY,2025-03-24 17:35:37
Talking To The Moon,Bruno Mars,Doo-Wops & Hooligans,2010-05-11,84,0,N/A,SPOTIFY,SPOTIFY,2025-03-24 17:35:37
Coming In Hot,Andy Mineo,Coming In Hot,2018-07-20,58,0,N/A,SPOTIFY,SPOTIFY,2025-03-24 17:35:37
Heartbreak Anniversary,Givēon,TAKE TIME,2020-03-27,80,0,N/A,SPOTIFY,SPOTIFY,2025-03-24 17:35:37
Love Nwantiti (Feat. Dj Yo! & Ax'El) - Remix,Ckay,love nwantiti (feat. Dj Yo! & AX'EL) [Remix],2021-09-09,71,0,N/A,SPOTIFY,SPOTIFY,2025-03-24 17:35:37
Goosebumps,Hvme,Goosebumps,2020-06-12,67,0,N/A,SPOTIFY,SPOTIFY,2025-03-24 17:35:37
Watermelon Sugar,Harry Styles,Fine Line,2019-12-13,84,0,N/A,SPOTIFY,SPOTIFY,2025-03-24 17:35:37
Gimme More,Britney Spears,Blackout,2007-10-25,84,0,N/A,SPOTIFY,SPOTIFY,2025-03-24 17:35:37
Astronaut In The Ocean,Masked Wolf,Astronaut In The Ocean,2019-06-07,1,0,N/A,SPOTIFY,SPOTIFY,2025-03-24 17:35:37
Bad Boy,Marwa Loud,Loud,2018-03-09,68,0,N/A,SPOTIFY,SPOTIFY,2025-03-24 17:35:37
Without You,The Kid Laroi,F*CK LOVE (SAVAGE),2020-11-06,5,0,N/A,SPOTIFY,SPOTIFY,2025-03-24 17:35:37
Death Bed (Coffee For Your Head),Powfu,death bed (coffee for your head),2020-02-08,80,0,N/A,SPOTIFY,SPOTIFY,2025-03-24 17:35:37
Mood (Feat. Iann Dior),24Kgoldn,Mood (feat. iann dior),2020-07-24,7,0,N/A,SPOTIFY,SPOTIFY,2025-03-24 17:35:37
Peaches (Feat. Daniel Caesar & Giveon),Justin Bieber,Justice,2021-03-19,80,0,N/A,SPOTIFY,SPOTIFY,2025-03-24 17:35:37
Dancing In My Room,347Aidan,Dancing in My Room,2020-10-26,0,0,N/A,SPOTIFY,SPOTIFY,2025-03-24 17:35:37
Sugarcrash!,Elyotto,SugarCrash!,2020-08-25,68,0,N/A,SPOTIFY,SPOTIFY,2025-03-24 17:35:37
Love Your Voice,Jony,Список твоих мыслей,2019-06-21,0,0,N/A,SPOTIFY,SPOTIFY,2025-03-24 17:35:37
Arcade,Duncan Laurence,Arcade,2019-03-07,75,0,N/A,SPOTIFY,SPOTIFY,2025-03-24 17:35:37
Kerosene - Sped Up,Fam0Uz,Kerosene (Sped Up),2023-03-28,0,0,N/A,SPOTIFY,SPOTIFY,2025-03-24 17:35:37
Sports Car,Tate Mcrae,Unknown,N/A,0,0,22.0,BILLBOARD,BILLBOARD,2025-03-22
Stargazing,Myles Smith,Unknown,N/A,0,0,28.0,BILLBOARD,BILLBOARD,2025-03-22
Bed Chem,Sabrina Carpenter,Unknown,N/A,0,0,30.0,BILLBOARD,BILLBOARD,2025-03-22
Liar,Jelly Roll,Unknown,N/A,0,0,32.0,BILLBOARD,BILLBOARD,2025-03-22
High Road,Koe Wetzel & Jessie Murph,Unknown,N/A,0,0,36.0,BILLBOARD,BILLBOARD,2025-03-22
I'M Gonna Love You,Cody Johnson & Carrie Underwood,Unknown,N/A,0,0,37.0,BILLBOARD,BILLBOARD,2025-03-22
Bmf,Sza,Unknown,N/A,0,0,39.0,BILLBOARD,BILLBOARD,2025-03-22
Whatchu Kno About Me,Glorilla & Sexyy Red,Unknown,N/A,0,0,47.0,BILLBOARD,BILLBOARD,2025-03-22
Residuals,Chris Brown,Unknown,N/A,0,0,49.0,BILLBOARD,BILLBOARD,2025-03-22
Gimme A Hug,Drake,Unknown,N/A,0,0,53.0,BILLBOARD,BILLBOARD,2025-03-22
Cry For Me,The Weeknd,Unknown,N/A,0,0,56.0,BILLBOARD,BILLBOARD,2025-03-22
Sorry I'M Here For Someone Else,Benson Boone,Unknown,N/A,0,0,57.0,BILLBOARD,BILLBOARD,2025-03-22
Mutt,Leon Thomas,Unknown,N/A,0,0,60.0,BILLBOARD,BILLBOARD,2025-03-22
Tweaker,Gelo,Unknown,N/A,0,0,62.0,BILLBOARD,BILLBOARD,2025-03-22
Me Jalo,Fuerza Regida & Grupo Frontera,Unknown,N/A,0,0,63.0,BILLBOARD,BILLBOARD,2025-03-22
Loco,Neton Vega,Unknown,N/A,0,0,64.0,BILLBOARD,BILLBOARD,2025-03-22
Somebody Loves Me,Partynextdoor & Drake,Unknown,N/A,0,0,65.0,BILLBOARD,BILLBOARD,2025-03-22
Busy Woman,Sabrina Carpenter,Unknown,N/A,0,0,67.0,BILLBOARD,BILLBOARD,2025-03-22
Ms. Whitman,Bhad Bhabie,Unknown,N/A,0,0,68.0,BILLBOARD,BILLBOARD,2025-03-22
Disease,Lady Gaga,Unknown,N/A,0,0,71.0,BILLBOARD,BILLBOARD,2025-03-22
Tattoo,Tito Double P,Unknown,N/A,0,0,72.0,BILLBOARD,BILLBOARD,2025-03-22
Nuevayol,Bad Bunny,Unknown,N/A,0,0,74.0,BILLBOARD,BILLBOARD,2025-03-22
Heart Of A Woman,Summer Walker,Unknown,N/A,0,0,75.0,BILLBOARD,BILLBOARD,2025-03-22
Like Him,"Tyler, The Creator Featuring Lola Young",Unknown,N/A,0,0,76.0,BILLBOARD,BILLBOARD,2025-03-22
I Ain'T Sayin',Jordan Davis,Unknown,N/A,0,0,77.0,BILLBOARD,BILLBOARD,2025-03-22
Fat Juicy & Wet,Sexyy Red & Bruno Mars,Unknown,N/A,0,0,78.0,BILLBOARD,BILLBOARD,2025-03-22
No Pole,Don Toliver,Unknown,N/A,0,0,79.0,BILLBOARD,BILLBOARD,2025-03-22
Handlebars,Jennie & Dua Lipa,Unknown,N/A,0,0,80.0,BILLBOARD,BILLBOARD,2025-03-22
Perfect Celebrity,Lady Gaga,Unknown,N/A,0,0,81.0,BILLBOARD,BILLBOARD,2025-03-22
Weren'T For The Wind,Ella Langley,Unknown,N/A,0,0,82.0,BILLBOARD,BILLBOARD,2025-03-22
Like Jennie,Jennie,Unknown,N/A,0,0,83.0,BILLBOARD,BILLBOARD,2025-03-22
Little Things,Ella Mai,Unknown,N/A,0,0,84.0,BILLBOARD,BILLBOARD,2025-03-22
Zombieboy,Lady Gaga,Unknown,N/A,0,0,85.0,BILLBOARD,BILLBOARD,2025-03-22
Burning Down,Alex Warren,Unknown,N/A,0,0,86.0,BILLBOARD,BILLBOARD,2025-03-22
Proud Of Me,Fridayy & Meek Mill,Unknown,N/A,0,0,87.0,BILLBOARD,BILLBOARD,2025-03-22
Por Esos Ojos,Fuerza Regida,Unknown,N/A,0,0,88.0,BILLBOARD,BILLBOARD,2025-03-22
Push 2 Start,Tyla,Unknown,N/A,0,0,89.0,BILLBOARD,BILLBOARD,2025-03-22
The Largest,Bigxthaplug,Unknown,N/A,0,0,90.0,BILLBOARD,BILLBOARD,2025-03-22
4X4Xu,Lainey Wilson,Unknown,N/A,0,0,91.0,BILLBOARD,BILLBOARD,2025-03-22
Headlock,Imogen Heap,Unknown,N/A,0,0,92.0,BILLBOARD,BILLBOARD,2025-03-22
Killah,Lady Gaga Featuring Gesaffelstein,Unknown,N/A,0,0,93.0,BILLBOARD,BILLBOARD,2025-03-22
Call Me When You Break Up,"Selena Gomez, Benny Blanco & Gracie Abrams",Unknown,N/A,0,0,94.0,BILLBOARD,BILLBOARD,2025-03-22
Lovedrug,Lady Gaga,Unknown,N/A,0,0,95.0,BILLBOARD,BILLBOARD,2025-03-22
Voy A Llevarte Pa Pr,Bad Bunny,Unknown,N/A,0,0,96.0,BILLBOARD,BILLBOARD,2025-03-22
Texas,Blake Shelton,Unknown,N/A,0,0,97.0,BILLBOARD,BILLBOARD,2025-03-22
Tu Boda,Oscar Maydon & Fuerza Regida,Unknown,N/A,0,0,98.0,BILLBOARD,BILLBOARD,2025-03-22
Extral,Jennie & Doechii,Unknown,N/A,0,0,99.0,BILLBOARD,BILLBOARD,2025-03-22
Te Queria Ver,Aleman X Neton Vega,Unknown,N/A,0,0,100.0,BILLBOARD,BILLBOARD,2025-03-22
Mayhem,Lady Gaga,Unknown,N/A,0,0,4.0,BILLBOARD,BILLBOARD,2025-03-24
Gnx,Kendrick Lamar,Unknown,N/A,0,0,18.0,BILLBOARD,BILLBOARD,2025-03-24
$Ome $Exy $Ongs 4 U,Partynextdoor & Drake,Unknown,N/A,0,0,32.0,BILLBOARD,BILLBOARD,2025-03-24
Sos,Sza,Unknown,N/A,0,0,46.0,BILLBOARD,BILLBOARD,2025-03-24
So Close To What,Tate Mcrae,Unknown,N/A,0,0,60.0,BILLBOARD,BILLBOARD,2025-03-24
Short N' Sweet,Sabrina Carpenter,Unknown,N/A,0,0,74.0,BILLBOARD,BILLBOARD,2025-03-24
Ruby,Jennie,Unknown,N/A,0,0,88.0,BILLBOARD,BILLBOARD,2025-03-24
Debi Tirar Mas Fotos,Bad Bunny,Unknown,N/A,0,0,102.0,BILLBOARD,BILLBOARD,2025-03-24
One Thing At A Time,Morgan Wallen,Unknown,N/A,0,0,116.0,BILLBOARD,BILLBOARD,2025-03-24
The Rise And Fall Of A Midwest Princess,Chappell Roan,Unknown,N/A,0,0,130.0,BILLBOARD,BILLBOARD,2025-03-24
Hit Me Hard And Soft,Billie Eilish,Unknown,N/A,0,0,144.0,BILLBOARD,BILLBOARD,2025-03-24
Hurry Up Tomorrow,The Weeknd,Unknown,N/A,0,0,158.0,BILLBOARD,BILLBOARD,2025-03-24
Dangerous: The Double Album,Morgan Wallen,Unknown,N/A,0,0,172.0,BILLBOARD,BILLBOARD,2025-03-24
The Secret Of Us,Gracie Abrams,Unknown,N/A,0,0,186.0,BILLBOARD,BILLBOARD,2025-03-24
Alligator Bites Never Heal,Doechii,Unknown,N/A,0,0,200.0,BILLBOARD,BILLBOARD,2025-03-24
The Tortured Poets Department,Taylor Swift,Unknown,N/A,0,0,214.0,BILLBOARD,BILLBOARD,2025-03-24
Stick Season,Noah Kahan,Unknown,N/A,0,0,228.0,BILLBOARD,BILLBOARD,2025-03-24
The Diamond Collection,Post Malone,Unknown,N/A,0,0,242.0,BILLBOARD,BILLBOARD,2025-03-24
Mi Vida Mi Muerte,Neton Vega,Unknown,N/A,0,0,256.0,BILLBOARD,BILLBOARD,2025-03-24
Chromakopia,"Tyler, The Creator",Unknown,N/A,0,0,270.0,BILLBOARD,BILLBOARD,2025-03-24
F-1 Trillion,Post Malone,Unknown,N/A,0,0,284.0,BILLBOARD,BILLBOARD,2025-03-24
Take Care,Bigxthaplug,Unknown,N/A,0,0,298.0,BILLBOARD,BILLBOARD,2025-03-24
Damn.,Kendrick Lamar,Unknown,N/A,0,0,312.0,BILLBOARD,BILLBOARD,2025-03-24
"Good Kid, M.A.A.D City",Kendrick Lamar,Unknown,N/A,0,0,326.0,BILLBOARD,BILLBOARD,2025-03-24
Peterson,Tory Lanez,Unknown,N/A,0,0,340.0,BILLBOARD,BILLBOARD,2025-03-24
Tsunami Sea,Spiritbox,Unknown,N/A,0,0,354.0,BILLBOARD,BILLBOARD,2025-03-24
Foxes In The Snow,Jason Isbell,Unknown,N/A,0,0,368.0,BILLBOARD,BILLBOARD,2025-03-24
Fireworks & Rollerblades,Benson Boone,Unknown,N/A,0,0,382.0,BILLBOARD,BILLBOARD,2025-03-24
More Leaks,Youngboy Never Broke Again,Unknown,N/A,0,0,396.0,BILLBOARD,BILLBOARD,2025-03-24
Incomodo,Tito Double P,Unknown,N/A,0,0,410.0,BILLBOARD,BILLBOARD,2025-03-24
Rumours,Fleetwood Mac,Unknown,N/A,0,0,424.0,BILLBOARD,BILLBOARD,2025-03-24
Cold Beer & Country Music,Zach Top,Unknown,N/A,0,0,438.0,BILLBOARD,BILLBOARD,2025-03-24
Beautifully Broken,Jelly Roll,Unknown,N/A,0,0,452.0,BILLBOARD,BILLBOARD,2025-03-24
Ctrl,Sza,Unknown,N/A,0,0,466.0,BILLBOARD,BILLBOARD,2025-03-24
I'Ve Tried Everything But Therapy (Part I),Teddy Swims,Unknown,N/A,0,0,480.0,BILLBOARD,BILLBOARD,2025-03-24
Wham,Lil Baby,Unknown,N/A,0,0,494.0,BILLBOARD,BILLBOARD,2025-03-24
Live From Fenway Park,Noah Kahan,Unknown,N/A,0,0,508.0,BILLBOARD,BILLBOARD,2025-03-24
American Heartbreak,Zach Bryan,Unknown,N/A,0,0,522.0,BILLBOARD,BILLBOARD,2025-03-24
Take Care,Drake,Unknown,N/A,0,0,536.0,BILLBOARD,BILLBOARD,2025-03-24
The Highlights,The Weeknd,Unknown,N/A,0,0,550.0,BILLBOARD,BILLBOARD,2025-03-24
Hozier,Hozier,Unknown,N/A,0,0,564.0,BILLBOARD,BILLBOARD,2025-03-24
Blonde,Frank Ocean,Unknown,N/A,0,0,578.0,BILLBOARD,BILLBOARD,2025-03-24
Diamonds,Elton John,Unknown,N/A,0,0,592.0,BILLBOARD,BILLBOARD,2025-03-24
Un Verano Sin Ti,Bad Bunny,Unknown,N/A,0,0,606.0,BILLBOARD,BILLBOARD,2025-03-24
Brat,Charli Xcx,Unknown,N/A,0,0,620.0,BILLBOARD,BILLBOARD,2025-03-24
This One'S For You,Luke Combs,Unknown,N/A,0,0,634.0,BILLBOARD,BILLBOARD,2025-03-24
Rosie,Rose,Unknown,N/A,0,0,648.0,BILLBOARD,BILLBOARD,2025-03-24
Zach Bryan,Zach Bryan,Unknown,N/A,0,0,662.0,BILLBOARD,BILLBOARD,2025-03-24
Curtain Call: The Hits,Eminem,Unknown,N/A,0,0,676.0,BILLBOARD,BILLBOARD,2025-03-24
Hamilton: An American Musical,Original Broadway Cast,Unknown,N/A,0,0,690.0,BILLBOARD,BILLBOARD,2025-03-24
Igor,"Tyler, The Creator",Unknown,N/A,0,0,704.0,BILLBOARD,BILLBOARD,2025-03-24
Wicked: The Soundtrack,"Cynthia Erivo, Ariana Grande & Various Artists",Unknown,N/A,0,0,718.0,BILLBOARD,BILLBOARD,2025-03-24
"Where I'Ve Been, Isn'T Where I'M Going",Shaboozey,Unknown,N/A,0,0,732.0,BILLBOARD,BILLBOARD,2025-03-24
+-=÷X (Tour Collection),Ed Sheeran,Unknown,N/A,0,0,746.0,BILLBOARD,BILLBOARD,2025-03-24
We Don'T Trust You,Future & Metro Boomin,Unknown,N/A,0,0,760.0,BILLBOARD,BILLBOARD,2025-03-24
The Great American Bar Scene,Zach Bryan,Unknown,N/A,0,0,774.0,BILLBOARD,BILLBOARD,2025-03-24
Lover,Taylor Swift,Unknown,N/A,0,0,788.0,BILLBOARD,BILLBOARD,2025-03-24
Glorious,Glorilla,Unknown,N/A,0,0,802.0,BILLBOARD,BILLBOARD,2025-03-24
The Best Of Nickelback: Volume 1,Nickelback,Unknown,N/A,0,0,816.0,BILLBOARD,BILLBOARD,2025-03-24
Restless Mind,Sam Barber,Unknown,N/A,0,0,830.0,BILLBOARD,BILLBOARD,2025-03-24
Sour,Olivia Rodrigo,Unknown,N/A,0,0,844.0,BILLBOARD,BILLBOARD,2025-03-24
Alter Ego,Lisa,Unknown,N/A,0,0,858.0,BILLBOARD,BILLBOARD,2025-03-24
Guts,Olivia Rodrigo,Unknown,N/A,0,0,872.0,BILLBOARD,BILLBOARD,2025-03-24
Channel Orange,Frank Ocean,Unknown,N/A,0,0,886.0,BILLBOARD,BILLBOARD,2025-03-24
Midnights,Taylor Swift,Unknown,N/A,0,0,900.0,BILLBOARD,BILLBOARD,2025-03-24
Folklore,Taylor Swift,Unknown,N/A,0,0,914.0,BILLBOARD,BILLBOARD,2025-03-24
Chronicle: The 20 Greatest Hits,Creedence Clearwater Revival,Unknown,N/A,0,0,928.0,BILLBOARD,BILLBOARD,2025-03-24
Greatest Hits,Queen,Unknown,N/A,0,0,942.0,BILLBOARD,BILLBOARD,2025-03-24
I'Ve Tried Everything But Therapy (Part 2),Teddy Swims,Unknown,N/A,0,0,956.0,BILLBOARD,BILLBOARD,2025-03-24
Don'T Mind If I Do,Riley Green,Unknown,N/A,0,0,970.0,BILLBOARD,BILLBOARD,2025-03-24
1989 (Taylor'S Version),Taylor Swift,Unknown,N/A,0,0,984.0,BILLBOARD,BILLBOARD,2025-03-24
Patterns,Kelsea Ballerini,Unknown,N/A,0,0,998.0,BILLBOARD,BILLBOARD,2025-03-24
Last Lap,Rod Wave,Unknown,N/A,0,0,1012.0,BILLBOARD,BILLBOARD,2025-03-24
The Fame,Lady Gaga,Unknown,N/A,0,0,1026.0,BILLBOARD,BILLBOARD,2025-03-24
Exodo,Peso Pluma,Unknown,N/A,0,0,1040.0,BILLBOARD,BILLBOARD,2025-03-24
Eternal Sunshine,Ariana Grande,Unknown,N/A,0,0,1054.0,BILLBOARD,BILLBOARD,2025-03-24
Meteora,Linkin Park,Unknown,N/A,0,0,1068.0,BILLBOARD,BILLBOARD,2025-03-24
Religiously. The Album.,Bailey Zimmerman,Unknown,N/A,0,0,1082.0,BILLBOARD,BILLBOARD,2025-03-24
Submarine,The Marias,Unknown,N/A,0,0,1096.0,BILLBOARD,BILLBOARD,2025-03-24
Cosa Nuestra,Rauw Alejandro,Unknown,N/A,0,0,1110.0,BILLBOARD,BILLBOARD,2025-03-24
Views,Drake,Unknown,N/A,0,0,1124.0,BILLBOARD,BILLBOARD,2025-03-24
If I Know Me,Morgan Wallen,Unknown,N/A,0,0,1138.0,BILLBOARD,BILLBOARD,2025-03-24
Genesis,Peso Pluma,Unknown,N/A,0,0,1152.0,BILLBOARD,BILLBOARD,2025-03-24
The Party Never Ends,Juice Wrld,Unknown,N/A,0,0,1166.0,BILLBOARD,BILLBOARD,2025-03-24
Greatest Hits,Creed,Unknown,N/A,0,0,1180.0,BILLBOARD,BILLBOARD,2025-03-24
Utopia,Travis Scott,Unknown,N/A,0,0,1194.0,BILLBOARD,BILLBOARD,2025-03-24
My Turn,Lil Baby,Unknown,N/A,0,0,1208.0,BILLBOARD,BILLBOARD,2025-03-24
Nevermind,Nirvana,Unknown,N/A,0,0,1222.0,BILLBOARD,BILLBOARD,2025-03-24
"Some Days I'M Good, Some Days I'M Not",Fridayy,Unknown,N/A,0,0,1236.0,BILLBOARD,BILLBOARD,2025-03-24
For All The Dogs,Drake,Unknown,N/A,0,0,1250.0,BILLBOARD,BILLBOARD,2025-03-24
Starboy,The Weeknd,Unknown,N/A,0,0,1264.0,BILLBOARD,BILLBOARD,2025-03-24
Traveller,Chris Stapleton,Unknown,N/A,0,0,1278.0,BILLBOARD,BILLBOARD,2025-03-24
Journey'S Greatest Hits,Journey,Unknown,N/A,0,0,1292.0,BILLBOARD,BILLBOARD,2025-03-24
Legend: The Best Of Bob Marley And The Wailers,Bob Marley And The Wailers,Unknown,N/A,0,0,1306.0,BILLBOARD,BILLBOARD,2025-03-24
Goodbye & Good Riddance,Juice Wrld,Unknown,N/A,0,0,1320.0,BILLBOARD,BILLBOARD,2025-03-24
I Never Liked You,Future,Unknown,N/A,0,0,1334.0,BILLBOARD,BILLBOARD,2025-03-24
Am,Arctic Monkeys,Unknown,N/A,0,0,1348.0,BILLBOARD,BILLBOARD,2025-03-24
Doo-Wops & Hooligans,Bruno Mars,Unknown,N/A,0,0,1362.0,BILLBOARD,BILLBOARD,2025-03-24
Fetty Wap,Fetty Wap,Unknown,N/A,0,0,1376.0,BILLBOARD,BILLBOARD,2025-03-24
Leather,Cody Johnson,Unknown,N/A,0,0,1390.0,BILLBOARD,BILLBOARD,2025-03-24
2014 Forest Hills Drive,J. Cole,Unknown,N/A,0,0,1404.0,BILLBOARD,BILLBOARD,2025-03-24
Certified Lover Boy,Drake,Unknown,N/A,0,0,1418.0,BILLBOARD,BILLBOARD,2025-03-24
Greatest Hits,Pitbull,Unknown,N/A,0,0,1432.0,BILLBOARD,BILLBOARD,2025-03-24
Flower Boy,"Tyler, The Creator",Unknown,N/A,0,0,1446.0,BILLBOARD,BILLBOARD,2025-03-24
The High Road,Kane Brown,Unknown,N/A,0,0,1460.0,BILLBOARD,BILLBOARD,2025-03-24
Greatest Hits,2Pac,Unknown,N/A,0,0,1474.0,BILLBOARD,BILLBOARD,2025-03-24
The Essential Michael Jackson,Michael Jackson,Unknown,N/A,0,0,1488.0,BILLBOARD,BILLBOARD,2025-03-24
T R A P S O U L,Bryson Tiller,Unknown,N/A,0,0,1502.0,BILLBOARD,BILLBOARD,2025-03-24
Gettin' Old,Luke Combs,Unknown,N/A,0,0,1516.0,BILLBOARD,BILLBOARD,2025-03-24
Graduation,Kanye West,Unknown,N/A,0,0,1530.0,BILLBOARD,BILLBOARD,2025-03-24
"When We All Fall Asleep, Where Do We Go?",Billie Eilish,Unknown,N/A,0,0,1544.0,BILLBOARD,BILLBOARD,2025-03-24
Born To Die,Lana Del Rey,Unknown,N/A,0,0,1558.0,BILLBOARD,BILLBOARD,2025-03-24
Reputation,Taylor Swift,Unknown,N/A,0,0,1572.0,BILLBOARD,BILLBOARD,2025-03-24
After Hours,The Weeknd,Unknown,N/A,0,0,1586.0,BILLBOARD,BILLBOARD,2025-03-24
I Am Music,Lil Wayne,Unknown,N/A,0,0,1600.0,BILLBOARD,BILLBOARD,2025-03-24
50 Number Ones,George Strait,Unknown,N/A,0,0,1614.0,BILLBOARD,BILLBOARD,2025-03-24
Unreal Unearth,Hozier,Unknown,N/A,0,0,1628.0,BILLBOARD,BILLBOARD,2025-03-24
Teenage Dream,Katy Perry,Unknown,N/A,0,0,1642.0,BILLBOARD,BILLBOARD,2025-03-24
Greatest Hits,Tom Petty And The Heartbreakers,Unknown,N/A,0,0,1656.0,BILLBOARD,BILLBOARD,2025-03-24
Astroworld,Travis Scott,Unknown,N/A,0,0,1670.0,BILLBOARD,BILLBOARD,2025-03-24
Starting Over,Chris Stapleton,Unknown,N/A,0,0,1684.0,BILLBOARD,BILLBOARD,2025-03-24
Thriller,Michael Jackson,Unknown,N/A,0,0,1698.0,BILLBOARD,BILLBOARD,2025-03-24
Happier Than Ever,Billie Eilish,Unknown,N/A,0,0,1712.0,BILLBOARD,BILLBOARD,2025-03-24
Am I Okay?,Megan Moroney,Unknown,N/A,0,0,1726.0,BILLBOARD,BILLBOARD,2025-03-24
35 Biggest Hits,Toby Keith,Unknown,N/A,0,0,1740.0,BILLBOARD,BILLBOARD,2025-03-24
Hungover,Ella Langley,Unknown,N/A,0,0,1754.0,BILLBOARD,BILLBOARD,2025-03-24
Twisters: The Album,Soundtrack,Unknown,N/A,0,0,1768.0,BILLBOARD,BILLBOARD,2025-03-24
One Of Wun,Gunna,Unknown,N/A,0,0,1782.0,BILLBOARD,BILLBOARD,2025-03-24
"You'Ll Be Alright, Kid (Chapter 1)",Alex Warren,Unknown,N/A,0,0,1796.0,BILLBOARD,BILLBOARD,2025-03-24
Gold: Greatest Hits,Abba,Unknown,N/A,0,0,1810.0,BILLBOARD,BILLBOARD,2025-03-24
Hardstone Psycho,Don Toliver,Unknown,N/A,0,0,1824.0,BILLBOARD,BILLBOARD,2025-03-24
Greatest Hits,Guns N' Roses,Unknown,N/A,0,0,1838.0,BILLBOARD,BILLBOARD,2025-03-24
Heroes & Villains,Metro Boomin,Unknown,N/A,0,0,1852.0,BILLBOARD,BILLBOARD,2025-03-24
Muse,Jimin,Unknown,N/A,0,0,1866.0,BILLBOARD,BILLBOARD,2025-03-24
Scorpion,Drake,Unknown,N/A,0,0,1880.0,BILLBOARD,BILLBOARD,2025-03-24
All Time Greatest Hits,Lynyrd Skynyrd,Unknown,N/A,0,0,1894.0,BILLBOARD,BILLBOARD,2025-03-24
20 Number Ones,Thomas Rhett,Unknown,N/A,0,0,1908.0,BILLBOARD,BILLBOARD,2025-03-24
Think Later,Tate Mcrae,Unknown,N/A,0,0,1922.0,BILLBOARD,BILLBOARD,2025-03-24
Long.Live.A$Ap,A$Ap Rocky,Unknown,N/A,0,0,1936.0,BILLBOARD,BILLBOARD,2025-03-24
Anti,Rihanna,Unknown,N/A,0,0,1950.0,BILLBOARD,BILLBOARD,2025-03-24
Good Girl Gone Bad,Rihanna,Unknown,N/A,0,0,1964.0,BILLBOARD,BILLBOARD,2025-03-24
To Pimp A Butterfly,Kendrick Lamar,Unknown,N/A,0,0,1978.0,BILLBOARD,BILLBOARD,2025-03-24
$Ad Boyz 4 Life Ii,Junior H,Unknown,N/A,0,0,1992.0,BILLBOARD,BILLBOARD,2025-03-24
The Very Best Of Daryl Hall  John Oates,Daryl Hall  John Oates,Unknown,N/A,0,0,2006.0,BILLBOARD,BILLBOARD,2025-03-24
This Wasn'T Meant For You Anyway,Lola Young,Unknown,N/A,0,0,2020.0,BILLBOARD,BILLBOARD,2025-03-24
Emails I Can'T Send,Sabrina Carpenter,Unknown,N/A,0,0,2034.0,BILLBOARD,BILLBOARD,2025-03-24
The Select,Ty Myers,Unknown,N/A,0,0,2048.0,BILLBOARD,BILLBOARD,2025-03-24
"Black Panther: The Album, Music From And Inspired By",Soundtrack,Unknown,N/A,0,0,2062.0,BILLBOARD,BILLBOARD,2025-03-24
Papercuts,Linkin Park,Unknown,N/A,0,0,2076.0,BILLBOARD,BILLBOARD,2025-03-24
Higher,Chris Stapleton,Unknown,N/A,0,0,2090.0,BILLBOARD,BILLBOARD,2025-03-24
The Sickness,Disturbed,Unknown,N/A,0,0,2104.0,BILLBOARD,BILLBOARD,2025-03-24
Pa Las Baby'S Y Belikeada,Fuerza Regida,Unknown,N/A,0,0,2118.0,BILLBOARD,BILLBOARD,2025-03-24
Dlow Curry,Bossman Dlow,Unknown,N/A,0,0,2132.0,BILLBOARD,BILLBOARD,2025-03-24
Greatest Hits,The Notorious B.I.G.,Unknown,N/A,0,0,2146.0,BILLBOARD,BILLBOARD,2025-03-24
Over It,Summer Walker,Unknown,N/A,0,0,2160.0,BILLBOARD,BILLBOARD,2025-03-24
Moana,Soundtrack,Unknown,N/A,0,0,2174.0,BILLBOARD,BILLBOARD,2025-03-24
Heaven On My Mind,Tobymac,Unknown,N/A,0,0,2188.0,BILLBOARD,BILLBOARD,2025-03-24
Red (Taylor'S Version),Taylor Swift,Unknown,N/A,0,0,2202.0,BILLBOARD,BILLBOARD,2025-03-24
Greatest Hits,Bob Seger & The Silver Bullet Band,Unknown,N/A,0,0,2216.0,BILLBOARD,BILLBOARD,2025-03-24
What You See Is What You Get,Luke Combs,Unknown,N/A,0,0,2230.0,BILLBOARD,BILLBOARD,2025-03-24
Tha Carter Iii,Lil Wayne,Unknown,N/A,0,0,2244.0,BILLBOARD,BILLBOARD,2025-03-24
Ds2,Future,Unknown,N/A,0,0,2258.0,BILLBOARD,BILLBOARD,2025-03-24
11:11,Chris Brown,Unknown,N/A,0,0,2272.0,BILLBOARD,BILLBOARD,2025-03-24
Greatest Hits,Aerosmith,Unknown,N/A,0,0,2286.0,BILLBOARD,BILLBOARD,2025-03-24
Currents,Tame Impala,Unknown,N/A,0,0,2300.0,BILLBOARD,BILLBOARD,2025-03-24
Child Of God,Forrest Frank,Unknown,N/A,0,0,2314.0,BILLBOARD,BILLBOARD,2025-03-24
Amar,Bigxthaplug,Unknown,N/A,0,0,2328.0,BILLBOARD,BILLBOARD,2025-03-24
Toxicity,System Of A Down,Unknown,N/A,0,0,2342.0,BILLBOARD,BILLBOARD,2025-03-24
A Great Chaos,Ken Carson,Unknown,N/A,0,0,2356.0,BILLBOARD,BILLBOARD,2025-03-24
Sublime,Sublime,Unknown,N/A,0,0,2370.0,BILLBOARD,BILLBOARD,2025-03-24
Mija No Te Asustes,Clave Especial,Unknown,N/A,0,0,2384.0,BILLBOARD,BILLBOARD,2025-03-24
Their Greatest Hits 1971-1975,Eagles,Unknown,N/A,0,0,2398.0,BILLBOARD,BILLBOARD,2025-03-24
7220,Lil Durk,Unknown,N/A,0,0,2412.0,BILLBOARD,BILLBOARD,2025-03-24
Metallica,Metallica,Unknown,N/A,0,0,2426.0,BILLBOARD,BILLBOARD,2025-03-24
Mr. Morale & The Big Steppers,Kendrick Lamar,Unknown,N/A,0,0,2440.0,BILLBOARD,BILLBOARD,2025-03-24
Cigarettes After Sex,Cigarettes After Sex,Unknown,N/A,0,0,2454.0,BILLBOARD,BILLBOARD,2025-03-24
Call Me If You Get Lost,"Tyler, The Creator",Unknown,N/A,0,0,2468.0,BILLBOARD,BILLBOARD,2025-03-24
Nostalgia,Rod Wave,Unknown,N/A,0,0,2482.0,BILLBOARD,BILLBOARD,2025-03-24
I Will Always Love You: The Best Of Whitney Houston,Whitney Houston,Unknown,N/A,0,0,2496.0,BILLBOARD,BILLBOARD,2025-03-24
Freudian,Daniel Caesar,Unknown,N/A,0,0,2510.0,BILLBOARD,BILLBOARD,2025-03-24
Planet Her,Doja Cat,Unknown,N/A,0,0,2524.0,BILLBOARD,BILLBOARD,2025-03-24
Confessions,Usher,Unknown,N/A,0,0,2538.0,BILLBOARD,BILLBOARD,2025-03-24
Thank Me Later,Drake,Unknown,N/A,0,0,2552.0,BILLBOARD,BILLBOARD,2025-03-24
Partynextdoor 4 (P4),Partynextdoor,Unknown,N/A,0,0,2566.0,BILLBOARD,BILLBOARD,2025-03-24
Future Nostalgia,Dua Lipa,Unknown,N/A,0,0,2580.0,BILLBOARD,BILLBOARD,2025-03-24
Hop,Stray Kids,Unknown,N/A,0,0,2594.0,BILLBOARD,BILLBOARD,2025-03-24
Greatest Hits,Fleetwood Mac,Unknown,N/A,0,0,2608.0,BILLBOARD,BILLBOARD,2025-03-24
Soulfly,Rod Wave,Unknown,N/A,0,0,2622.0,BILLBOARD,BILLBOARD,2025-03-24
Get Rich Or Die Tryin',50 Cent,Unknown,N/A,0,0,2636.0,BILLBOARD,BILLBOARD,2025-03-24
Greatest Hits,Blink-182,Unknown,N/A,0,0,2650.0,BILLBOARD,BILLBOARD,2025-03-24
More Life,Drake,Unknown,N/A,0,0,2664.0,BILLBOARD,BILLBOARD,2025-03-24
The Greatest Hits,3 Doors Down,Unknown,N/A,0,0,2678.0,BILLBOARD,BILLBOARD,2025-03-24
Ehhthang Ehhthang,Glorilla,Unknown,N/A,0,0,2692.0,BILLBOARD,BILLBOARD,2025-03-24
Todavia Me Amas: Lo Mejor De Aventura,Aventura,Unknown,N/A,0,0,2706.0,BILLBOARD,BILLBOARD,2025-03-24
Unorthodox Jukebox,Bruno Mars,Unknown,N/A,0,0,2720.0,BILLBOARD,BILLBOARD,2025-03-24
House Of Balloons,The Weeknd,Unknown,N/A,0,0,2734.0,BILLBOARD,BILLBOARD,2025-03-24
Cowboy Carter,Beyonce,Unknown,N/A,0,0,2748.0,BILLBOARD,BILLBOARD,2025-03-24
Mixtape Pluto,Future,Unknown,N/A,0,0,2762.0,BILLBOARD,BILLBOARD,2025-03-24
Legends Never Die,Juice Wrld,Unknown,N/A,0,0,2776.0,BILLBOARD,BILLBOARD,2025-03-24
Death Race For Love,Juice Wrld,Unknown,N/A,0,0,2790.0,BILLBOARD,BILLBOARD,2025-03-24
Die With A Smile,Lady Gaga & Bruno Mars,Unknown,N/A,0,0,18.0,BILLBOARD,BILLBOARD,2025-03-24
Squabble Up,Kendrick Lamar,Unknown,N/A,0,0,172.0,BILLBOARD,BILLBOARD,2025-03-24
Abracadabra,Lady Gaga,Unknown,N/A,0,0,186.0,BILLBOARD,BILLBOARD,2025-03-24
I Had Some Help,Post Malone Featuring Morgan Wallen,Unknown,N/A,0,0,214.0,BILLBOARD,BILLBOARD,2025-03-24
Sports Car,Tate Mcrae,Unknown,N/A,0,0,242.0,BILLBOARD,BILLBOARD,2025-03-24
30 For 30,Sza With Kendrick Lamar,Unknown,N/A,0,0,256.0,BILLBOARD,BILLBOARD,2025-03-24
That'S So True,Gracie Abrams,Unknown,N/A,0,0,270.0,BILLBOARD,BILLBOARD,2025-03-24
Revolving Door,Tate Mcrae,Unknown,N/A,0,0,284.0,BILLBOARD,BILLBOARD,2025-03-24
All The Stars,Kendrick Lamar & Sza,Unknown,N/A,0,0,298.0,BILLBOARD,BILLBOARD,2025-03-24
Denial Is A River,Doechii,Unknown,N/A,0,0,326.0,BILLBOARD,BILLBOARD,2025-03-24
Timeless,The Weeknd & Playboi Carti,Unknown,N/A,0,0,340.0,BILLBOARD,BILLBOARD,2025-03-24
Die Trying,"Partynextdoor, Drake & Yebba",Unknown,N/A,0,0,354.0,BILLBOARD,BILLBOARD,2025-03-24
"Good Luck, Babe!",Chappell Roan,Unknown,N/A,0,0,368.0,BILLBOARD,BILLBOARD,2025-03-24
Espresso,Sabrina Carpenter,Unknown,N/A,0,0,382.0,BILLBOARD,BILLBOARD,2025-03-24
Dtmf,Bad Bunny,Unknown,N/A,0,0,396.0,BILLBOARD,BILLBOARD,2025-03-24
Indigo,Sam Barber Featuring Avery Anna,Unknown,N/A,0,0,410.0,BILLBOARD,BILLBOARD,2025-03-24
Garden Of Eden,Lady Gaga,Unknown,N/A,0,0,452.0,BILLBOARD,BILLBOARD,2025-03-24
No One Noticed,The Marias,Unknown,N/A,0,0,466.0,BILLBOARD,BILLBOARD,2025-03-24
Wildflower,Billie Eilish,Unknown,N/A,0,0,480.0,BILLBOARD,BILLBOARD,2025-03-24
Smile,Morgan Wallen,Unknown,N/A,0,0,494.0,BILLBOARD,BILLBOARD,2025-03-24
Sailor Song,Gigi Perez,Unknown,N/A,0,0,508.0,BILLBOARD,BILLBOARD,2025-03-24
Baile Inolvidable,Bad Bunny,Unknown,N/A,0,0,522.0,BILLBOARD,BILLBOARD,2025-03-24
Taste,Sabrina Carpenter,Unknown,N/A,0,0,536.0,BILLBOARD,BILLBOARD,2025-03-24
Peekaboo,Kendrick Lamar Featuring Azchike,Unknown,N/A,0,0,550.0,BILLBOARD,BILLBOARD,2025-03-24
Worst Way,Riley Green,Unknown,N/A,0,0,564.0,BILLBOARD,BILLBOARD,2025-03-24
Good News,Shaboozey,Unknown,N/A,0,0,578.0,BILLBOARD,BILLBOARD,2025-03-24
I Never Lie,Zach Top,Unknown,N/A,0,0,606.0,BILLBOARD,BILLBOARD,2025-03-24
Vanish Into You,Lady Gaga,Unknown,N/A,0,0,620.0,BILLBOARD,BILLBOARD,2025-03-24
Like That,"Future, Metro Boomin & Kendrick Lamar",Unknown,N/A,0,0,634.0,BILLBOARD,BILLBOARD,2025-03-24
Sticky,"Tyler, The Creator Featuring Glorilla, Sexyy Red & Lil Wayne",Unknown,N/A,0,0,648.0,BILLBOARD,BILLBOARD,2025-03-24
Too Sweet,Hozier,Unknown,N/A,0,0,662.0,BILLBOARD,BILLBOARD,2025-03-24
Snooze,Sza,Unknown,N/A,0,0,676.0,BILLBOARD,BILLBOARD,2025-03-24
Please Please Please,Sabrina Carpenter,Unknown,N/A,0,0,690.0,BILLBOARD,BILLBOARD,2025-03-24
Sweet Dreams,J-Hope Featuring Miguel,Unknown,N/A,0,0,4.0,BILLBOARD,BILLBOARD,2025-03-24
Pink Pony Club,Chappell Roan,Unknown,N/A,0,0,18.0,BILLBOARD,BILLBOARD,2025-03-24
If You Hadn’T Been There,Dolly Parton,Unknown,N/A,0,0,32.0,BILLBOARD,BILLBOARD,2025-03-24
Anxiety,Doechii,Unknown,N/A,0,0,46.0,BILLBOARD,BILLBOARD,2025-03-24
Not Like Us,Kendrick Lamar,Unknown,N/A,0,0,60.0,BILLBOARD,BILLBOARD,2025-03-24
A Bar Song (Tipsy),Shaboozey,Unknown,N/A,0,0,74.0,BILLBOARD,BILLBOARD,2025-03-24
Nokia,Drake,Unknown,N/A,0,0,88.0,BILLBOARD,BILLBOARD,2025-03-24
Apt.,Rose & Bruno Mars,Unknown,N/A,0,0,102.0,BILLBOARD,BILLBOARD,2025-03-24
The Truth,Megan Woods,Unknown,N/A,0,0,116.0,BILLBOARD,BILLBOARD,2025-03-24
Beautiful Things,Benson Boone,Unknown,N/A,0,0,130.0,BILLBOARD,BILLBOARD,2025-03-24
Ordinary,Alex Warren,Unknown,N/A,0,0,144.0,BILLBOARD,BILLBOARD,2025-03-24
How Bad Do U Want Me,Lady Gaga,Unknown,N/A,0,0,158.0,BILLBOARD,BILLBOARD,2025-03-24
Hard Fought Hallelujah,Brandon Lake,Unknown,N/A,0,0,172.0,BILLBOARD,BILLBOARD,2025-03-24
Who,Jimin,Unknown,N/A,0,0,186.0,BILLBOARD,BILLBOARD,2025-03-24
I'M The Problem,Morgan Wallen,Unknown,N/A,0,0,200.0,BILLBOARD,BILLBOARD,2025-03-24
Messy,Lola Young,Unknown,N/A,0,0,214.0,BILLBOARD,BILLBOARD,2025-03-24
Luther,Kendrick Lamar & Sza,Unknown,N/A,0,0,228.0,BILLBOARD,BILLBOARD,2025-03-24
Lose Control,Teddy Swims,Unknown,N/A,0,0,242.0,BILLBOARD,BILLBOARD,2025-03-24
Bad Dreams,Teddy Swims,Unknown,N/A,0,0,256.0,BILLBOARD,BILLBOARD,2025-03-24
Love Somebody,Morgan Wallen,Unknown,N/A,0,0,270.0,BILLBOARD,BILLBOARD,2025-03-24
True Colors,Dugger Band,Unknown,N/A,0,0,284.0,BILLBOARD,BILLBOARD,2025-03-24
Birds Of A Feather,Billie Eilish,Unknown,N/A,0,0,298.0,BILLBOARD,BILLBOARD,2025-03-24
A N X I E T Y,Sleepy Hallow Featuring Doechii,Unknown,N/A,0,0,312.0,BILLBOARD,BILLBOARD,2025-03-24
Labour,Paris Paloma,Unknown,N/A,0,0,326.0,BILLBOARD,BILLBOARD,2025-03-24
Tv Off,Kendrick Lamar Featuring Lefty Gunplay,Unknown,N/A,0,0,340.0,BILLBOARD,BILLBOARD,2025-03-24
